,comment
0,Reply
1,после просмотра ждал выпуск от Кинокоса
2,Reply
3,
4,
5,"Времена, когда главной нашей проблемой была плохая концовка Игры престолов
Да, Кинокосыч, ты прав!"
6,"Даже нарезки из этого фильма вызывают вселенскую боль, не представляю что ты пережил"
7,"Ты там это... Держись давай! Мы понимает , что сложно и практически нревозможно оставаться в здавом уме, пересматривая это все по 10 раз, но мы верим , что у тебя хватит сил еще на много "" ШЕДЕВРОВ""))))"
8,"Настали такие времена, когда кинокомпании соревнуются между собой, не за качественный проэкт, а кто из них снимет большую чушь и казалось бы, все, дно пробито, хуже уже быть не может, но с каждым разом, они доказывают, что это еще не предел! Становиться печально, за будущее кинопроизводства, но радует то, что пока есть KINOKOS любые такие ""фильмы"" становится шедеврами! Спасибо за хорошее настроение! "
9,Текст из Мегамозга действительно идеально подходит к этому фильму)
10,"Да, во что превратили Шазама(капитана Марвел), а ведь ещё помню каким он был, как выделялся среди членов лиги именно чистотой идеалов(даже на фоне Супса), как кадмус его детской наивностью воспользовался и как Шазам воротил рожу аж Супермэну. Или как Шазам и Супермэн в два смычка Чёрного Адама разматывали. И детскость Шазама была не его фишкой, а его слабостью(аки криптонит). Эхх, долбоё*ы всё прое*али."
11,"Костян,ну это уже какой то новый уровень кино грехов,низкий тебе поклон"
12,Дочурка - милота такая)) «нашему блоггеру поплохело» - в семье главное - поддержка)))) 16:39
13,"Насчёт характера билли подростка и билли взрослого . Можно было бы прописать это изменение в поведении тем , что мальчик имеет компликсы и крайне недоверчив , а взрослым он имеет возможность вести себя как захочет , ведь он совсем другой человек.
Это было бы хорошим объяснением что могло улучшить персонажа , но после увиденного вы понимаете что на место сценаристов наняли уборщиков туалетов ."
14,"Спасибо, Кинокос, что посмотрел эту блевотину за меня! Меня угораздило посмотреть первый шазам. Чувство было такое, что  я посмотрел мульт для дошколят или меня просто при просмотре отсношали в мозг.
К стати, за обзор ""Аватар: путь говна"" так же респект! "
15,"У меня есть вопрос. Зачем этих сестер заключали, если с помощью посоха у них можно забрать силы и они станут смертными? Или это эксклюзивное заклинание сестер?))"
16,16:59 10 из 10 за эту сцену
17,Лучшее что есть в этом фильме Галь Гадот в роли Чудо женщины
18,Смотрю Твои ролики уже несколько лет. Просто отдых для глаз и ушей ) Однозначно лайк 
19,"Очень давно в детстве я смотрел фильм.. где солдат игрушечный воевал с неким волкополоподобным существом игрушкой. Я давал запросы по поиску, спустя годы, но так и не получал результатов. Скорее потому, что давал их неправильно. Так все на года застопорилось . 28я секунда. Ты помог мне найти этот фильм. Солдатики  спасибо тебе Кинокос."
20,Грехообзоры от Кинокоса божественны. Спасибо за это большое!
21,"""Не грозит Южному океану, попивая сок у себя на суше"" Х) я просто под стол упал!"
22,"за последний кадр однозначно уважение, только парни могут прекратить эту вакханалию.билли мясник сопли не жуёт, даже умирая, с усмешкой суперов стирает, брутален, силен, однозначно звездат, по силе ж сравнится лишь...с войском железных солдат.вообще не понимаю какие могут быть суперы во вселенной, где существует крептонец."
23,"Проржался с ""Не грози южному океану"" что подавился какао и упал со стула "
24,"- Дэвид, а нормально ли для психики вообще смотреть это кинцо?
- Это безопасно, уверяю"
25,"Всегда (и до сих пор) поражался стойкости психики и терпению подобных ""обзорщиков"". Я то этот муторный шлак на перемотке посмотрел, пошёл проблевался и лёг глаза от кровотечения лечить, а ему нужно было это несколько раз и подробно просматривать, дабы найти, вырезать и потом склеить."
26,"То самое чуство, когда обзор на фильм интереснее чем сам фильм)"
27,"У меня от первой то бомбануло, на первых минутах. Что я не стал рисковать и смотреть вторую сочувствую тебе Кость!"
28," КиноКос как вино, с каждым выпуском только лучше! Браво, хоть каждую фразу на цитату"
29,"Меня этот фильм чуть не доконал..:hand-orange-covering-eyes::hand-orange-covering-eyes:

Мои эксклюзивные обзоры на https://boosty.to/kinokos"
30,Ещё чуть чуть и Кинокос сам начнёт снимать фильмы. А момент с Хразом это разрыв
31,"Обязательный лайк. Большое спасибо, что не только смотришь подобные произведения, но и делаешь на их основе интересный контент."
32,Уважаемый кинокос благодаря твоему творчеству ты спас многим не один час жизни который они могли бы потратить на подобный шлак)). Искренне благодарствуем так сказать и желаем дальнейших творческих успехов.
33,"Лучший ролик за последнее время. Хотя они у тебя все лучшие, но это разъеб уровня Пацанов"
34,"2:26-2:30
За ставку вначале ""день студента "" старички-паучки выражают свой ""респект"""
35,"не ну с фразы, беткомедиан возьмет взятку от минкульта, я вылетел, браво, как всегда на высшем уровне:)"
36,Насчёт бэдкомедиян жёстко. Аж самому захотелось убить кого-то 
37,Спасибо за обзор. Отлично поржал 
38,Шикарный обзор. Кинокос не перестаёт удивлять)))
39,"Меня ещё в первой части бомбило из-за смены характера гг, когда он перевоплощался. Как будто бы его подменяли..."
40,"Пора уже на всю эту шазамскую шизобратию делать заказ у тёзки Билли...
...А именно, у Билли Бучера.
Кадр из сериала:
- Не волнуйся, батя всё разрулит."
41,"16:45 ВОТ ЭТО ПОВОРОТ!!! 
Спасибо за очередную дозу Кинокостинола!"
42,"Это было даже круче, чем обычно) вставки из ""Пацанов"" более чем уместны."
43,"Вопрос ещё в том, почему колдун, не явился во сне Билли после распепелирования, чтобы предупредить о колдуне с грехами и преподать парочку уроков о том, как пользоваться силами и что делать чтобы не было, того что творилось и творится в фильме"
44,"Огромный лайк, тебе за твой труд!"
45,"Самый главный «грех» фильма - это то, что группа подростков, которые по желанию превращается в маскулинных и женственных (присмотритесь к их старшей) хомосапиенсов, зачем-то страдает какой-то херней, спасая город от нападствий, а не…"
46,Спасибо вам за видеоАктёру Билли наверное очень стыдно за  большую версию себя)))
47,"Реально красавчик! Тот самый случай, когда не пожалел 27 минут своего времени! Лучше такие обзоры смотреть, чем сам фильм, сразу все ясно! Концовка про Галь Гадот вообще порвала на прочь, вот реально, где она шлялась  и чё приперлась когда не звали?))) Я уже обрадовался когда его похоронили и тут на тебе! Вообщем тебе огромный респект, продолжай в том же духе!"
48,Обзор получился огонь просто! 
49,"Счетчик киногрехов все меньше, а качество роликов - все выше.
Кинокос на верном пути в создании контента."
50,Зарядиться хорошим настроением от обзора перед сном
51,"22:25 я уже убежден, что в этой сцене Рири имела в виду альтернативную сторону вопроса"
52,"Вторая минута обзора, а уже цитатка из Мегамозга - сразу лайк"
53,"Я уже просто смотрю обзоры, чтоб предугадать фразу ""войско железных солдат "", это просто гениально"
54,Это лучший обзор от кинокоса имхо. Я давно так не ржал
55,"Не грози южному океану, попивая сок у себя на суше. Это самое лучшее название этого фильма"
56,Я давно так не угорал. Косыч лучший!
57,"Сука это божественно, поржал от души)"
58,Чувак. Это твоя лучшая работа. Вот что называется оторвался по полной
59,Обзор как всегда Топовый! Их фильмами можно лечить психов))
60,БравоЯ поржал от души
61,"KINOKOS - умник, миляга, сангвиник, дальтоник, безвременнопочивший
Будем надеяться, что прошивка Омского Котакбаса выдержит больше KINOKOSовской"
62,"Ждем новый сезон Пацанов. Кинокос, подтверди лайком"
63,"Браво маэстро, надеюсь это начало нового поколения кино грехов!!!"
64,"Госпадеее
За вступительную песню отдельное спасибо"
65,Костя спасибо тебе! Засыпаю постоянно на половине ролика
66,"Семья, самая важная часть франшизы. Ждём ещё и Доминика в трилогии "
67,"Тот момент, когда грехо-обзор интереснее самого фильма"
68,"Кинокос, Низкий поклон тебе, что спас много народа от просмотра этих фекалий!!!"
69,"Безмерная сила таланта,стареешь,но планка юмора и опыта в отличии от Твоей только выше) Респект."
70,2:27 столько лет искал название этого видео спасибо автор аж детство вспомнил
71,"Если снимут фильм ""пацаны против шазама"" я б дом продал что бы посмотреть на это в кинотеатре!"
72,Как всегда высший пилотаж
73,"Спасибо, ты сделал мой день!"
74,"Ещё не смотрел фильм, но уже смотрю грехо обзор"
75,До слёз !Просто супер а не обзор !угорал от души !
76,Кинокос спасибо тебе за то что смотришь это за нас
77,"Спасибо, за вставку с титрами «для друга»  браво, это гениально "
78,У вас шикарный музыкальный вкус! Песенки обзоров обалденны.
79,"Что может быть лучше, лёжа в больнице со сломанной ногой лежать и смотреть любимого грехо обзорщика.

10 операция, вот сижу кайфую пока могу "
80,"Даже такой стёбный обзор досмотреть было ну очень сложно, прямо через силу. Как же люди на это в кино ходили?"
81,Хахахаха обзор просто бомба! С перезагрузки системы орнул в голосину)
82,"Когда обзор смотреть интереснее, чем фильм "
83,"Опоссумов не трож!!!проорал в голос)Красава,спасибо за видео"
84,"9:52 почему я всегда угораю со слова - ""Переигрываешь""
11:26 
13:49 красавец)
16:47 вот это поворот"
85,"Обожаю тебя, продолжай в том же духе!"
86,"Силён не тот кто обладает неизмеримыми грехами, а тот кто эти неизмеримые грехи измеряет!"
87,"21:25 ага......единорогов.....правильных единорогов......собака ЧЕРНЫХ ЕДИНОРОГОВ!!! писец, они уже не знают  как BLM повестку пропихнуть....."
88,Давно я так не орала
89,"Подпись ""Для друга"" - просто шикарно))"
90,Про Билли Бутчера прям огонь! )
91,"16:30 Вот и помер дед Костян. Дата смерти: 05.05.2023. Покойся с миром, дружище."
92,"Сюжет вставок кинокоса лучше, чем у второго шазама)"
93,"""день студента"" от отрывка аж олдскулы свело"
94,2:26 - моя повышенная доля уважения 
95,"За такой уровень актерской игры желаю Ливаю, чтобы его даже в фильмы Невского не брали"
96,"воот, воот !! старый, добрый Кинокос!))) с нарезками и матами  вот теперь , заслуженный лайк , Кость !))  вот такое надо зрителю "
97,"Кто-нибудь при просмотре данного фильма заметил, как в моменте, когда Си Цзиньпин'иха сажала яблоко в поле, то нарисованная за 13 рублей земля, осыпавшаяся с её руки, прошла сквозь текстурку поля?"
98,"Крутой обзор, давно тебя смотрю. Красавчик"
99,"Супергерои, которых мы заслужили."
100,Спасибо за обзор
101,Шутка про бэдкомедиана это нечто гениальное
102,"Спасибо за старый формат..,а то недавно глянул.. честно не помню,что..и комедия какая-то...а, счета ляпов нет.спасибо за проделанную работу."
103,Ого)))  я снова удивлён! Что не обзор- то сюрприз . Перчатка заговорила
104,"Ништяк, порция годного контента"
105,"Ох, вставка из ""Мегамозга""!! Бомба"
106,"дай бог здоровья за подсказки для друга,низкий поклон и всех благ))я десятилетями это искал"
107,Достойно. Одно из лучших.
108,"Костя, отлично!!!! Крутой обзор!!! Ты сам себя подставил, теперь нельзя занижать планку!"
109,Молодец хороший обзор
110,Я не думал что ты этот ужас стороной обойдёшь дочке респект
111,"Эххх, Люси Лью...
Помню, как увидел ее впервые в фильме Шанхайский Полдень 
Красотка 
Ну и самая младшая из сестер так то очень красивая "
112,"третью часть надо было бы делать исходя из того, что Билли после воскрешения стал темной сущностью как в ""Кладбище домашних животных"" и перевести подростковую героику в хоррор с черным юмором, это был бы разрыв на стримах"
113,"Даже на грехо-обзоре мозг вскипел. Этой троице то 2, то 5, а то и более 6 тысяч лет"
114,"Точно! Надо "" Пацанов"" пересмотреть! ))"
115,"*Войско железных солдат""
Как же я скучал по этому"
116,"Ахахаха) ""Бэдкамедиан возьмёт взятку от минкульта"" Ваще порвало наглухо))))"
117,Лига Аманды поехала на ферму к Супермену гладить его кукурузу!  Смеялась минут 20!
118,Спасибо за выпуски!
119,Обзор ТОП Я АПЛОДИРУЮ ️
120,"Ой спасибо ! 
Я кайфанул со слезами "
121,"Фильм не смотрел, но с удовольствием посмотрел обзор, надо посмотреть 65 и Кокаинового, так сказать подготовиться!!! 
Обзор ТОП, впрочем как и всегда!"
122,Вставки из сериала Пацаны просто топчик)))))
123,"За КИНОНАТОРА - Отдельный Респект 16:51 - Правда И Здесь ИИ Сбой Дал - Сразу Начал Блистать Своей Оригинальностью Сразу Переписав Самую Заразительную Вставку ""Войско Железных Солдат"" Оригинального КИНОКОСЫЧА: ""Поглотил Отсылку К Тони Старку Позабыв Про Плен И Сварку, Двух Злодеев и Живой Булат, Оставил Только От Фразы Обрывок: ""Солдат"", Зато Включил Две Фразы Со Словами: Водолаз и Лимонад"", Подтверждая Тем Самым Теорию, Что Все Разумные Существа Без Контроля Вселенского Администратора Становятся Гипертрофоидами С Манией Величия и Комплексом Майкла Бэя: ""Спецэффекты Я Включил, Про Диалоги Не Забыл - Вчера Под Текилу Сочинил И Актерский Весь Состав В Баре ""Голливуд"" На Студию Парамаунт Залил - К Съемкам Фильма Приступил ""Что- То Там И Что- То Где-то Происходит"" - Вот Уже И Сборы В СINEMA Проходят, Если На Сей Раз Не Прокатит и Фильм Не Отобьет Прокат - Я Так Вижу, И Не Парит.. Главное В Процессе Фильма В Объективе Каждому Кадру Картины - Я Был Очень... Очень Горд и Рад"""
124,Чудо-женщина пришла похороны увы не того самого Билли
125,Гениальная концовка
126,"Я классом ходил На Фильм Гнев богов Шазам, там в конце Весь класс орнул на весь зал,а я упал с кресла."
127,"Надо на DC и Marvel подать в нужный суд за то,что держат своих зрителей за одноклеточных и уничтожают жанр супергероики шутки в обзоре на высоте: « дед русалки»
спасибо "
128,- Вот этот шляпный базар для чего нам сейчас 
129,Обожаю этот визг Яйцаааа
130,"Сделай пожалуйста грехо-обзор на серию фильмов Неоспоримый, очень крутые и интересные фильмы про одного заключенного который бился за свободу в тюремных боях)))!!!"
131,"Привет, всем ! 
Это похоже ещё один экземпляр дикой трешатины, которую снимали сотрудники психушки Пескадеро по выходным.
Им с написанием сценария, наверно авторы третьего муравья помогали, - очень на то походит."
132,"Ой Кинокосыч, спасибо огромное за «Бэдкомедиан возьмет взятку от Минкульта»"
133,Чудо женщина обломала всё 
134,2:26. Спасибо что оставил название! Если честно это лучшее отечественное видео подобного рода которое я когда либо видел.
135,"26:41 Вот даааа, на кроссовер ""Пацанов"" со всей этой жизобратией я с удовольствием глянул бы!"
136,Я так и знал что за кинокоса обзоры делает искусственный интеллект.
137,"Костя, в следующий раз когда будешь уподреблять слово ""сёстры"", поставь фрагмент где Мурад говорит ""примеры сёстрам продаёшь"". Будет бомба"
138,Перезагрузка Кинокоса шедевральна!))))
139,"Проорал с момента со Скитлсом и единорогом, лол, реально, как же это кринжово выглядело"
140,"Вставка Л. Джексона с ДиКаприо - это просто шедевр! Ливай, ливай со своими предъявами фанатам Снайдера)"
141,"Чтобы не говорил, а Рейчел огонь "
142,"Константин, готов стать спонсором, чтоб увидеть, как Вы разносите в пух и прах трилогию Гоголя, очень интересна Ваша реакция на эту вакханалию"
143,"За вставку на 2:27 респект !!! Кто знает, тот знает "
144,"Недавно смотрел Пацанов . Да , им определенно нужно занести за этих существ ."
145,"Ржу в голосину с фразы ""на дно"""
146,"У меня после твоего слова ""к примеру"" и когда ломается посох, появилась реклама "
147,"-Что вы, сволочи, тут курите?
-Все что можем, но не суть."
148,Поржал от души лайк бро 
149,"А почему тогда лысый из 1 части не использовал посох, чтобы превратить шазама обратно в пацана, взять в плен и силой заставить передать силу? Ещё больше абсурда во второй части, если лысый знал, что можно получить силу шазама, то почему злодейки не забрали силу у  инвалида? "
150,И за гостей Никиты спасибо - давно искал.
151,Да этот обзор лучше самого фильма!
152,Си дзень Пиниха- это шедевр!
153,Тот момент когда Чёрный Адам на фоне вот этого выглядит (шедевром)
154,Батя разрулит))) с этого момента орнул че то в голосину ))))
155,"Прошу добавить в список.  Воровка кошек, когда спасала девиц не вытащила их из машины, а просто на сверхзвуковой скорости толкнула назад. Вопрос, как быстро они умерли от удара о торпеду?!"
156,За трек ST отдельное спасибо ) а так поржал от души хорошо что не смотрел эту дичь
157,"Ору с того что: BadComedian возьмёт взятку от минкульта Обожаю твои обзоры, продолжай в том же духе "
158,"Спасибо в очередной раз , что мне не пришлось смотреть это говно самому. Не могу представить каких страданий стоило посмотреть это  несколько раз... Держись там..."
159,"Бед, возьмёт взятку от Минкульта)))  зашла шутейка. Если Женя возьмёт взятку я останусь без фаланги мизинца. Женя тоже оценит шутку)))"
160,Дед русалки- просто в голосину проорал!!!
161,6:12 шепоты конечно убили
162,"На 27 минут, работа громенная. Сразу лайк."
163,"Весь канал держится на шутках про темнокожих
Минкульт одобряет"
164,Отсылка на Мегамозг просто шикарна)))
165,"Я понимаю тот прикол так: Билли как подросток, собственно, чувствует себя подростком и поэтому закрытый, а когда он взрослый всемогущий мужик ему срывает крышу)"
166,Дочка у вас молодец какая
167,"ооо, ВойскА железных салдат (с) на месте - топово!
мне фильм понравился ЗА : 1) Драму с главным героем (p.s. не сморел трейлеры и не следил за DC ,только знаю про перезагрузку) 2) Эпичные сцены с драконом; 3) Появление Галь Гадот ; 4) Юмор (на мой взгляд он и в правду лучше , чем в первой части) 5) за Майку Малиновки и Летучей мыши (если вы понимаете о чём я) 6) Попытку сделать уклон во взрослость; 7) все сцены между Антеей и Фредди; 8) Сцена после титров, которая ни к чему не ведёт (просто обыгрывает гэг про ожидание злодеев в заточении)"
168,"Только досмотрел твое предыдущее видео, а тут сразу новое"
169,Аманда Уоллер и Афро-Мерлин умеют подбирать нужных людей. Им нужно открыть свое агентство по поиску кадров.
170,"Костя, огромная благодарность за проделанную работу! Часто смотрю твои обзоры, но этот досмотрел кое-как. Знаешь, почему? Потому что сценарий фильма просто невыносим, фильм — полнейшее говнище, рад, что не пошёл в кино на это."
171,"В обличии супергероев они дают интервью, их люди запоминают (обидные прозвища придумывали). Старшая дочь никак не меняется при превращении. Как её не узнавали родители и прочие люди?

У мамки стэтхэма была возможность сжать купол так, что люси лью с драконом там и спресуются нахрен. Ни билли, ни посох были не нужны."
172,"25:06 купол не самоуничтожился, а исчез из за смерти матери Стейтема. Она говорила: «Купол пропадет тогда, когда я уму» или чот типа того"
173,Кинокос убил наповал давно так не смеяться
174,"5:47 ""...И где ты так вымазался? Вали в баню - не возвращайся, пока не отмоешься!"""
175,"великолепная песня в начале, одна из моих любимых"
176,"Спасибо!, хорошо, что не смотрел даже первую часть!"
177,Вообще классный обзор
178,Спасибо Костя! Этот фильм а также последний Тор и Человек муравей: Квантоманья я смотрел только тут чтобы время и нервы поберечь!
179,"Думал на днях глянуть его,но наверно лучше обзорчик глянуть,что бы зря время не терять учитывая "" Шедевры"" выходящие в последнее время"
180,Мда шазам первой части более серьезный чем детская вторая чясть шазама
181,Ахахах прикол с включением системы Кинокоса как у Терминатора ТОП
182,Долго я ждал войско железных солдат)
183,Который раз к ужину новый выпуск
184,"В конце ролика где Де Ниро говорит ""Он страдает дебилизмом"" орнул в голос"
185,"С такими супергероями всё больше понимаешь Брюса Уэйна,  с его намерением привентивно убить супермена."
186,Блять я сдох просто лучший обзор
187,Кинокос в роли Эксперта это самое лучшее 
188,"Бомбануло у кинокоса 
Вообще ты прав мужик, нетфликс совсем ку-ку"
189,Спасибо за предлы о 4к телеке Konka будем посмотреть))
190,"Есть 2 категории видео вызывающие тёплые чувства ... это клипы с маленькими детьми, видео с животными.... кинокос ввёл 3 категорию.... вечеринка курских студентов))))))"
191,Пока мы тут сидим ХРАЗ уже канал кинокоса захватил
192,"Упущен самый важный косяк: в фильме посох забирает силы ведьмы. Что мешало деду вместо того чтобы запечатать ведьм, просто забрать их силы?"
193,Сбер разрабатывали звук в лаборатории)) сидел минуту улыбался)
194,"Весь фильм болел за Богинь-Нагибаторов.

И вот, когда эти ничтожества, по недосмотру богов получившие свои силы (и по лору это почти буквально так и было) уже слили 4 пятых (или 5 шестых (или сколько там этих дегенератов)), и я уже ликовал ибо до победы Бобра над Ослом оставался маааалюсенький шаг (или укус - не ну реально, какого буя этот дракон так долго закрывает пасть, это какой-то дефект строения ротовой полости?!)..."
195,А я очень люблю сюжет в этом фильме! Он такой... Ээ.. Умм.. Да
196,я на просмотре думал что видос с грехами от кинокоса должен длится часа 2
197,"Надеюсь, что Ганн сделает dc снова великой"
198,"Лично я этот Фильм умудрился пропустить, я слежу за всеми кинокомиксами, флэш, проекты марвел, даже синий жук, но шазам 2, я пропустил, я узнал о нем только из новостей о грандиозном провале и мне стало интересно, так ли все плохо, ибо первая часть мне так же не понравилась, я надеялся что вторая мне зайдёт, но, увы, так много  потерянного потенциала, можно было ведь сделать очень интересный, либо забавный семейный фильм, но получился парад кринжа который тяжело смотреть, единственный плюс это камео чудо женщины Галь Гадот, и наличие таких обзоров"
199,"Сделай, плиз, грехо-обзор на Кремень, Бригаду, Брат и т.д. Надо разнести их и показать зрителям, что бандитизм - это плохо."
200,KINOKOS  20:09 - побольше таких фразочек!!)))) Ваще заорал!))) XD
201,"Только за фразу ""а мы чёрные, люди одарённые"", готов купить печенег,а дальше сами знаете"
202,пожалуй лучший обзор!)
203,Люси Лью все ещё шикарна не смотря на возраст
204,KINOKOS Обзор просто СУПЕР!!!!!! :D
205,Надо было вставку с мурадом поставить про сестёр
206,Можно вопрос: А что значит почерневная броня Шазама?
207,"Марвел
Помним, Любим, Скорбим "
208,"Сказ о том, как команда Шизоидов на Богов наехала и получила люлей "
209,у кинокоса тоже есть ХРАЗ)
210,Один из не многих каналов с которым согласны все)
211,"Хорошо, что я ""это"" не смотрел, спасибо за грехо-обзор!"
212,"Боже, вот с момента когда единороги появились, я ваще при всех дома кричал «ЧЕ ЗА Е6АЛА……»"
213,"Хороший и добрый фильм, нив лайв синема хорошая компания, всегда снимали хорошие фильмы"
214,"Отсылка на перчатку персонажа из ""Атомного сердца""  Топ!)"
215,Давай Шерлок Холмс (2009)
216,За билли бутчера в конце лайк )
217,Даже освободить Черного Адама было бы более здравой идеей чем выдавать силу этому пацану.
218,"Не знаю  почему но мне пришел в голову такой вариант фразы

А мы зелёный,  орки одаренный. Вааагх! "
219,"В моем детстве документалки снимали с натуры: про доярок, про совхозы, про ученых.... А про Клёпу - это домыслы и фантазии))"
220,"за ""один пальчик"" отдельный респект))) люблю свою"
221,"И самый главный косяк обоих фильмов что шазам должен становиться мудрым и опытным бойцом, лучше бы они сделали раздвоение личности между формой героя и обычной"
222,Внатуре пора звонить Мяснику!
223,Кардиологи Москвы после этого фильма будут часто видеть у себя  кинокоса с инфактами.
224,"влюбился по самые гениталии.всее,крылатая фраза!!!!"
225,"Как же Билли бутчер в конце в тему, ор выше гор)"
226,Посмотрел этот фильм минут пятнадцать. хватило поймать отходосы
227,"На момент 10:13 можно добавить момент с Мурадом: ""сёстрам задеваешь"""
228,Полностью согласен с Костяном: надо попросить Бутчера разобраться с этими школьниками
229,2:26 нестареющая классика
230,Слава Богу я не видел этот фильм . А обзор хорош
231,"Думаю Бутчер когда увидеть шазама, то он будет пытаться убить его, а не Хоумлендера"
232,"А ещё...никого не смущает когда на 12:25 забирают силу у героя,волшебным образом у него в руках оказывается костыль Как?Откуда?Или между булочек хранит,как Чудо женщина"
233,25/17 подтянулись) грехообзор от Омичей
234,"Зачем смотреть кино, если есть грехообзоры "
235,"при фразе про закуску на студенческой гулянке, вставка из известной порнухи, оборжался )))"
236,"""Танцы изТик-Тока заменят в школе физкультуру""аааа..орнул ....пздц "
237,За студенческую вечеринку отдельное спасибо
238,1:08. Мегамозг. Ностальгия!!!
239,"-Билли, какая у тебя супер сила?
-Я становлюсь взрослым ибанасом..."
240,"пожалуй чучший момент фильма, это когда Галь Гадот в конце уходит виляющей походкой ))))"
241,"Дэээвид- ""это безопасно, уверяю"";   Будто его мама всю жизнь будила битой по голове"
242,Как всегда лучший
243,"только на днях посмотрел, хотя где-то полмесяца назад скачал
после просмотра ждал выпуск от Кинокоса"
244,"Первый раз в жизни, мне зашла реклама) зашел на сайт посмотрел, бля прикольно)"
245,6:58 остановите мой ор
246,Как мне нравится твои видео что ем с твоими видео 
247,"Бл хорошо что я этот фильм не смотрел . На фоне этого фильма любой фильм -это шедевр ,заслуживающий Оскар по всем наминациям ."
248,"Все заметили Анабель Оригинальную и из фильма, когда Билли на приёме у доктора? )))"
249,Про Били Бучера топ было
250,Акуенный канал! Подписка!
251,в той нарезке про черных - ты забыл про черного ахиллеса )
252,Если Дэвид уверяет то это точно безопасно
253,За Бутчера лайк)
254,"Да ладно, братан, Хелен Миррен реально великая актриса (у нее куча премий и наград театра, тв и кино). Одна из самых титулованных лицедеек в истории. Кроме того, у нее папаша русский и ее настоящая фамилия Миронова."
255,"Ндааа. Комедиан спекся, Циник пару раз в год рожает.
Один Кос радует безмерно!!!"
256,"Бутчер все разрулит... Одному пня, второй на кукан, а остальных спать"
257,"Спасибо за обзор Кинокос, от такого говна у меня бы мозг поплыл️"
258,"3 дня назад смотрел это чудо-юдо, ну что сказать, награду за самый кринжовый фильм 2023 года получает..... (барабанная дробь)..... ШАЗААААМ!!!"
259,Это же на сколько все стало печально что слова великого в.уайлдера кажутся уже классикой 
260,ух как круто было смотреть
261,Ару просто этого обзора 
262,"Для полного списка для рэп концерта, нехватает Ахиллеса из Падения Трои"
263,"А прикольно задуматься, что вот этот «кино» и бпс в одной вселенной как бы "
264,Жаль все же что бутчера нет в КВМ и дс.
265,"15:55 Единственная кто мне понравилась тут, и внешность интересная и характер"
266,"Ты гений, бро"
267,"Ну вообще то они должны были быть похожие на жителей Сахары а именно жителей Атласовых гор,где Атлас держал небо.Жаль шо Билли не Хоумлендр и не свернул им шеи са секунду."
268,про бутчера-в точку))
269,Замечательно
270,Билли Бутчер против Шизама битва обещает быть интересной
271,Надеюсь когда выйдут Мстители секретные войны мы увидим войско железных солдат!!
272,Супер!
273,Сочный обзор!
274,"Они не хотели уничтожать человечество. Они хотели забрать яблоко и возродить свой мир, а человечество решила уничтожить ток 1 сестра предав 2-х других"
275,"Хахаха, идея с ИИ класс!"
276,Качество растет прямо на глазах и вы заметили что кинокос показал свою дочь
277,"Давно слышно не было ""Войско железных солдат""."
278,"Я даже не знал то что фильм вышел, я лучше грех-обзор ""кинокосика"" гляну)). Видос огонь. Первая часть была еще терпима, но вторая просто трешь. Надеюсь продолжения не будет и также калабы с черным адамом"
279,"Был бы допрос как в ""Бешеные псы"""
280,"25:25 Чудо-женщина не прилетала помогать, потому что купол висел. Она мне сама так сказала."
281,"Хорошо что я посмотрел твой абзор, потому что в отличии от фильма твои шутки смешные,да и сам бы я не выдержал смотреть это"
282,Блин  это топ 
283,Спасибо проржался
284,Спасибо 
285,"Телек от збера , орнул в голосину"
286,"""Мясника""-не хватает на героев Марвел"
287,"Я бы посмотрел ту часть, где Бучер мочит этих супер-фриков."
288,16:57 я думал тут будет реклама атомного сердца когда услышал голос Харитона
289,Круто
290,"Да, я пытался найт логику и здравый смысл в фильме, но понял что там его нет."
291,"Если посохом можно отобрать силы, зачем надо было отправлять Адама в кому ?"
292,"Мне уже писят, но я поржал от души, спасибо )) рад шо молодеж не такая тупая как про нее показыват в кино , ахахах"
293,"Не грози южному океану, попивая сок.... Блин ржанул, актуальненько, и главное Брать я Вэйн наноборот стеблись над чёрной стереотипщиной)"
294,У меня у одного в голове прозвучала та самая музыка из дня студента?
295,16:45 какой-то странный вброс...
296,Лучшие за эти деньги сняли ещё сезон пацаны
297,"каак захотелось пересмотреть суровый сериал Пацаны,после етого фильма"
298,"7:54 , он учился у лучших . У нашего мистера "" киновселенная "" Сашки Невского , который также в "" Форсаже Да Винчи "" хвастался ."
299,Прозвище Люси Лью это просто
300,"Кстати,у Эйприл в оригинате была тёмная кожа,так что тут не ликвидно )"
301,"Нам теперь нужен твой обзор на Нетфликс, где князь Ростов. Чую, ора и плача там будет много"
302,"БJIЯ!....... Бывают необоснованные придирки у тебя к кинолентам, но эта, братан, заслуживает их на все 100. Они там совсем кукухой поехали.... Такое количество допущений и условностей в сценарии.... по - всей видимости на пост продакшине что - то вырезали и таким образом  смонтировали.....но всё же........ Не смог до конца досмотреть этот ""шедевр"". Такое у меня крайне редко бывает.... Очень жаль команду, работавшую над этой лентой."
303,Музыка в видео - зачётно !!!
304,Наконец-то!  Пиковый фулхаус неинклюзивный
305,"Обзор шикос, фильм - "
306,Смотрю такой ибанариум только в обзорах - спасибо )))
307,Меня тошнит даже от грехов
308,"Давай обзор на ""Сердце из стали"", пожалуйста"
309,Ахаха переход прикольный))
310,"я хоть не очень люблю дс, но фильм понравился, советую сначала посмотреть фильм, что самому судить, а потом уже грехо-обзор"
311,"Ребенок просил посмотреть этот фильм из-за дракона. Хорошо, что забыл об этой просьбе. =)"
312,Очень жду обзор форсажа 10
313,За Бутчера лайк
314,"Сука, я скоро изведусь от этой харизматичной рожи, ещё в озвучке кубика. Подкажите что за это за сериал? "
315,новое видео. щас буду смеяться по ходу
316,Мне кажется ничего хуже в жизни вроде я не видел)
317,Да Бутчер их на раз два разнесет особенно под воздействием препарата 
318,7:51 Видимо захотел костюм с возможностью показать стальные яйца!
319,Из каких фильмов сцены в этом ролике? Кто-то может подсказать?
320,"С дочей смотрел,прикольный фильм,можно не думая,смотреть,расслабится."
321,"Кинокос, сделай обзор на ""Пацанов"", будет интересно посмотреть"
322,"Костя,ты молодец. Войско железных солдат не забыл. И одарённых чёрных вспомнил"
323,Просто у посоха один патрон на крыше был)
324,"Ну все,тут надо Адама ,чтоб обулич уму разуму Били
Такого класного персонажа как Шазам сделали кретином,юмористом
В общем ждём-с какойто:""Шазам против Черного Адама"" где Били будет думать головой во выше"
325,Бутчер их б не почувствовал 
326,Про бедкомедиана было забавно
327,"5:39 И Финна! Обязательно Финна! (из 7,8,9 эпизодов ""Звёздных войн"")"
328,"Не могли у него они Ману в начале спиздить, так как им нужно было в пещеру попасть, и спиздить яблоко от туда"
329,"господи, это очень смешно)))"
330,"Скажите пожалуйста, а нестареющая классика про ВОЙСКО ЖЕЛЕЗНЫХ СОЛДАТ, еще жива ?"
331,Ахаххахахах жду файтинг из чёрных челиков тут только чёрную фею не хватает 
332,"В фильме Шазам 2: Ярость Богов (2023), всё же главные актёры Закари Левай, Адам Броди и Рэйчел Зеглер хорошо тащат как могут, но конечно даже они не смогли спасти абсолютно кринжовый тупой сценарий ️️"
333,"Даже и не собирался смотреть это гавно, а просто ждал разъёб от кинокоса. Это лайк ребята"
334,Скинь список всех треков в конце фильмов
335,"ХАХАХАХ, кинокос, люблю тебя "
336,Да Билли здорового человека любой супергейский фильм в состоянии исправитьХд
337,"Как всегда, всё по факту и вообще. А сам фильм да, не реально тупой, до безобразия."
338,про Bad'а хохотнул в голос))))
339,"Тут есть отрывок знаменитого видео "" День студента"""
340,"А по фильму скажу так посмотрел и забыл в принципе, после того как я не обдуманно сходил на наших защитников, что меня не пугает из американского, на сколько бы там не были глупыми, но есть есть графон есть история,любовная история они даже без способностей стояли до конца против дракона было не плохо...  А так временами глупый, но опять же такой фильм не рассчитан на очень взрослых и не умеющих улыбаться даже с таких тормозов "
341,"честно, фильм не плох, он был интересен"
342,Сестёр. Надо добавить фразу Марата!
343,От меня жирный жирный лайк
344,"Даааа, было бы войско железных солдат..."
345,Есть таймкоды со вставками из фильмов?? Подскажите плз
346,"Ждём обзор на сериал ""Пацаны"""
347,"Вот это обзор так обзор, целая бутылка виски и всё коту под хвост, протрезвел после просмотра."
348,"Да нормальный проходной фильм, глянуть можно. Кинокос через чур предвзято к фильму относится, сейчас вся супергеройка один проходняк из последних хорош только стражи галактики 3"
349,"Ахахахах, самокатчики получат бесплатное жилье "
350,Переводы на старых видео угарней. Обидка если это будет в фильме
351,За голос ХРАЗА плюс 
352,Бэдкамеди возьмёт взятку от Минкульта
353,"Только один вопрос. Если ГГ умер, то где черные зонтики и дождь?"
354,"Бро,ты лучший"
355,Будет ли грехо-обзор на Стражи Галактики 3?
356,"Уууууууу, давай 3 стражей !!!!!"
357,Жду кроссовер с Пацанами
358,На то и она фантастика гений
359,"Бля кадры видео ""день студента"" ништяк. Олды поймут"
360,Как будто он только только получил способности
361,"Бедный Стетхэм,говорит онли факты и получает за это леща..."
362,"Снять такое нелогичное говно это надо постараться, респект тебе, кинокос, ты страдал за нас всех, глядя на это позорище"
363,"А потом Шазам такой 
«Ты ч Примеры бля сестрам задеваешь?….»"
364,бэд комедиан и взятка от минкультуры. Это самый лучший обзор
365,5:37 Cамый угарный момент
366,Оскара!!! однозначно.
367,"Хехехех, а я бы хотел посмотреть кинцо, где Билли Бутчер будет охотиться на них :3"
368,0:18 А я думал тогда Рей-НЕ-Скайуокер и Керол Дэнверс легко могли бы поспорить с этим! (и что с концовкой-то не так?????)
369,"Это безопасно, уверяю! "
370,"Смотрела фильм просто поугарать. ДС здесь очень облажались.  И у меня тоже при просмотре возник вопрос: а где все остальные? Древние Богини установили купол, превращают людей в статуи, а на горизонте нет ни Лиги Справедливости, ни Лиги Благородных, ни Отряда Самоубийц, ни Юных Титанов."
371,Ну этот фильм лучше чем муравей и квантомания))))))
372,Ради рекламы кинокос за уши плюсы в этом г притянул))
373,"Кстати да на них не хватает пацанов с Били Бутчером, потому что им даже хоумлендер не нужен достаточно шазама"
374,кинокок гений
375,"Поднимаем культурку, грузим в мозг - американскую халтурку. :)"
376,"Ну кстати вот на счёт не сильно умного подростка не совсем согласен.
Пока Билли подросток, он как раз умный не погодам. Проблема в том, что превращаясь в Шазама он почему-то резко тупеет. Видимо чтобы показать, что это подросток во взрослом теле, но сделано это пипец как дебильно, будто ему при превращении мозг отключают."
377,Про Били Бучера это в цвет.
378,25:22 Чёрт! Опять история Рей-НЕ-Скайуокер!
379,с Омского котакбаса орнул конечно)
380,"Требуем треш обзор фильма ""вызов"""
381,Столько старих приколов
382,"Спасибо, я знал, что этот фильм не стоит моего внимания, и вообще внимания."
383,спасибо за Девида
384,"Блин! Почему обзоры Кинокоса на эти фильмы круче, инереснее, быстрее и лучше, чем сами фильмы?
Где и когда будет сюжет уровня Войска Железных солдат!?"
385,
386,
387,
388,
389,
390,
391,
392,"Before you continue to YouTube
We use cookies and data to
Deliver and maintain Google services
Track outages and protect against spam, fraud and abuse
Measure audience engagement and site statistics to understand how our services are used and enhance the quality of those services
If you choose to 'Accept all', we will also use cookies and data to
Develop and improve new services
Deliver and measure the effectiveness of ads
Show personalised content, depending on your settings
Show personalised ads, depending on your settings
If you choose to 'Reject all', we will not use cookies for these additional purposes.
Non-personalised content and ads are influenced by things like the content that you’re currently viewing and your location (ad serving is based on general location). Personalised content and ads can also include things like video recommendations, a customised YouTube homepage and tailored ads based on past activity, like the videos that you watch and the things that you search for on YouTube. We also use cookies and data to tailor the experience to be age-appropriate, if relevant.
Select 'More options' to see additional information, including details about managing your privacy settings. You can also visit g.co/privacytools at any time.
Reject all
Accept all
More options
Privacy Policy • Terms of Service"
