,comment,text_clear,negative_proba
0,"–ù–µ—Ç –Ω–∏–∫–∞–∫–æ–π —Å–º–æ—Ç—Ä–æ–≤–æ–π –ø–ª–æ—â–∞–¥–∫–∏ —Ç—É—Ç, –µ—Å–ª–∏ –∫—Ç–æ —Ç–æ –∑–∞ –≤–∏–¥–∞–º–∏ —Å—é–¥–∞ —Å–æ–±—Ä–∞–ª—Å—è, —Ç–æ–ª—å–∫–æ —Ñ–æ—Ç–æ–≥—Ä–∞—Ñ–∏–∏ –Ω–∞ —É–ª–∏—Ü–µ, –≥–¥–µ —Å—Ç–æ–ª—ã –∏ —Å—Ç—É–ª—å—è, –ø—Ä—è–º–æ –Ω–∞ –∞—Å—Ñ–∞–ª—å—Ç–µ —Å—Ç–æ—è—Ç –∏ –Ω–∞—Ä–æ–¥ –∫–æ—Ç–æ—Ä—ã–π –≤—ã—à–µ–ª –ø–æ–∫—É—Ä–∏—Ç—å –∏–∑ –æ–∫—Ä—É–∂–∞—é—â–∏—Ö –∑–∞–≤–µ–¥–µ–Ω–∏–π —Ç—É—Å–∏—Ç. –í –æ–±—â–µ–º —ç—Ç–æ –º–µ—Å—Ç–æ –Ω–µ –¥–ª—è —Å–µ–º–µ–π–Ω–æ–π –ø–∞—Ä—ã —Å –¥–µ—Ç—å–º–∏, —á—Ç–æ–± —Å–¥–µ–ª–∞—Ç—å –ø–∞–º—è—Ç–Ω—ã–µ —Ñ–æ—Ç–æ–≥—Ä–∞—Ñ–∏–∏ –Ω–∞ —Ñ–æ–Ω–µ –¥–æ—Å—Ç–æ–ø—Ä–∏–º–µ—á–∞—Ç–µ–ª—å–Ω–æ—Å—Ç–µ–π. –≠—Ç–æ –º–æ–π –ª–∏—á–Ω—ã–π –æ—Ç–∑—ã–≤ –∏ –≤–∑–≥–ª—è–¥ –Ω–∞ —Ä–µ–∞–ª—å–Ω–æ—Å—Ç—å.",–Ω–∏–∫–∞–∫–æ–π —Å–º–æ—Ç—Ä–æ–≤–æ–π –ø–ª–æ—â–∞–¥–∫–∏ –≤–∏–¥–∞–º–∏ —Å—é–¥–∞ —Å–æ–±—Ä–∞–ª—Å—è —Ñ–æ—Ç–æ–≥—Ä–∞—Ñ–∏–∏ —É–ª–∏—Ü–µ —Å—Ç–æ–ª—ã —Å—Ç—É–ª—å—è –ø—Ä—è–º–æ –∞—Å—Ñ–∞–ª—å—Ç–µ —Å—Ç–æ—è—Ç –Ω–∞—Ä–æ–¥ –∫–æ—Ç–æ—Ä—ã–π –≤—ã—à–µ–ª –ø–æ–∫—É—Ä–∏—Ç—å –æ–∫—Ä—É–∂–∞—é—â–∏—Ö –∑–∞–≤–µ–¥–µ–Ω–∏–π —Ç—É—Å–∏—Ç –æ–±—â–µ–º —ç—Ç–æ –º–µ—Å—Ç–æ —Å–µ–º–µ–π–Ω–æ–π –ø–∞—Ä—ã –¥–µ—Ç—å–º–∏ —Å–¥–µ–ª–∞—Ç—å –ø–∞–º—è—Ç–Ω—ã–µ —Ñ–æ—Ç–æ–≥—Ä–∞—Ñ–∏–∏ —Ñ–æ–Ω–µ –¥–æ—Å—Ç–æ–ø—Ä–∏–º–µ—á–∞—Ç–µ–ª—å–Ω–æ—Å—Ç–µ–π —ç—Ç–æ –ª–∏—á–Ω—ã–π –æ—Ç–∑—ã–≤ –≤–∑–≥–ª—è–¥ —Ä–µ–∞–ª—å–Ω–æ—Å—Ç—å,0.21891166012779562
1,–ù–µ —Å—Ç–æ–∏—Ç –∏–¥—Ç–∏ –µ—Å–ª–∏ —Ö–æ—á–µ—à—å –ø—Ä–∏–ª–∏—á–Ω–æ –ø—Ä–æ–≤–µ—Å—Ç–∏ –≤—Ä–µ–º—è. –¢—É—Ç –Ω–µ –¥–ª—è —Å–ø–æ–∫–æ–π–Ω–æ–≥–æ –≤—Ä–µ–º—è –ø—Ä–µ–ø—Ä–æ–≤–æ–∂–¥–µ–Ω–∏—è.,—Å—Ç–æ–∏—Ç –∏–¥—Ç–∏ —Ö–æ—á–µ—à—å –ø—Ä–∏–ª–∏—á–Ω–æ –ø—Ä–æ–≤–µ—Å—Ç–∏ –≤—Ä–µ–º—è —Å–ø–æ–∫–æ–π–Ω–æ–≥–æ –≤—Ä–µ–º—è –ø—Ä–µ–ø—Ä–æ–≤–æ–∂–¥–µ–Ω–∏—è,0.24234278798306297
2,"–ú–µ—Å—Ç–æ –Ω–µ –æ—á–µ–Ω—å, –æ—Ö—Ä–∞–Ω–Ω–∏–∫–∏ –º–∞–∫—Å–∏–º–∞–ª—å–Ω–æ –Ω–µ–∞–¥–µ–∫–≤–∞—Ç–Ω—ã–µ , –∫–∞–≤–∫–∞–∑—Ü–∞–º –ø—É—Å–∫–∞—é—Ç —Ç–æ–ª—å–∫–æ –∑–∞ –¥–µ–Ω—å–≥–∏, —Ö–æ—Ç—è –æ–Ω–∏ —Å–∞–º–∏ –∏–∑ –Ω–µ —Ä—É—Å—Å–∫–∏–µ, (–≤–∑—è–ª–∏ —Ç—ã—Å—è—á–∏ —Ä—É–±–ª–µ–π —è–∫–æ–±—ã –∏–º —à—Ç—Ä–∞—Ñ—É—é—Ç) üëé",–º–µ—Å—Ç–æ –æ—á–µ–Ω—å –æ—Ö—Ä–∞–Ω–Ω–∏–∫–∏ –º–∞–∫—Å–∏–º–∞–ª—å–Ω–æ –Ω–µ–∞–¥–µ–∫–≤–∞—Ç–Ω—ã–µ –∫–∞–≤–∫–∞–∑—Ü–∞–º –ø—É—Å–∫–∞—é—Ç –¥–µ–Ω—å–≥–∏ —Ö–æ—Ç—è —Å–∞–º–∏ —Ä—É—Å—Å–∫–∏–µ –≤–∑—è–ª–∏ —Ç—ã—Å—è—á–∏ —Ä—É–±–ª–µ–π —è–∫–æ–±—ã —à—Ç—Ä–∞—Ñ—É—é—Ç,0.5033573026815081
3,"–æ—á–µ–Ω—å –º–∞–ª–µ–Ω—å–∫–æ–µ –º–µ—Å—Ç–æ, –∞ –Ω–∞—Ä–æ–¥ –∫—É—Ä–∏—Ç –≤–µ–∑–¥–µ –Ω–µ –ø—Ä–æ–¥–æ—Ö–Ω—É—Ç—å, –º—É–∑—ã–∫–∞ –æ—Ç –≤—Å–µ—Ö –æ—Ä—ë—Ç –Ω–µ –≤ —É–Ω–∏—Å–æ–Ω, —Å—Ç—É–ª—å—è –∏ —Å—Ç–æ–ª—ã –Ω–∞ —É–ª–∏—Ü–µ –æ–±—â–∏–µ –ø–æ—ç—Ç–æ–º—É –Ω–∏–∫—Ç–æ –∏—Ö –Ω–µ –º–æ–µ—Ç. —Ç–æ–ª—å–∫–æ –¥–ª—è —Ç–µ—Ö –∫—Ç–æ –∏—â–µ—Ç –ø—Ä–∏–∫–ª—é—á–µ–Ω–∏—è –Ω–∞ 5 —Ç–æ—á–∫—É.",–æ—á–µ–Ω—å –º–∞–ª–µ–Ω—å–∫–æ–µ –º–µ—Å—Ç–æ –Ω–∞—Ä–æ–¥ –∫—É—Ä–∏—Ç –≤–µ–∑–¥–µ –ø—Ä–æ–¥–æ—Ö–Ω—É—Ç—å –º—É–∑—ã–∫–∞ –æ—Ä—ë—Ç —É–Ω–∏—Å–æ–Ω —Å—Ç—É–ª—å—è —Å—Ç–æ–ª—ã —É–ª–∏—Ü–µ –æ–±—â–∏–µ –ø–æ—ç—Ç–æ–º—É –Ω–∏–∫—Ç–æ –º–æ–µ—Ç —Ç–µ—Ö –∏—â–µ—Ç –ø—Ä–∏–∫–ª—é—á–µ–Ω–∏—è —Ç–æ—á–∫—É,0.2372493553254411
4,"–ö—É—Ä—è—Ç –≤–Ω—É—Ç—Ä–∏, –Ω–∞ —Å—Ç–æ–ª–∞—Ö —Å—Ç–æ—è—Ç –ø–µ–ø–µ–ª—å–Ω–∏—Ü—ã. –ö—É–π–±—ã—à–µ–≤–±–∞—Ä –Ω–∞–ª–∏–≤–∞–µ—Ç –ø–∏–≤–æ –≤ –ø–ª–∞—Å—Ç–∏–∫–æ–≤—ã–µ —Å—Ç–∞–∫–∞–Ω—ã. –õ–µ—Å—Ç–Ω–∏—Ü–∞ –≤–µ–¥–µ—Ç –≤ –Ω–∏–∫—É–¥–∞, –∫ –∑–∞–∫—Ä—ã—Ç–æ–π –∫–∞–ª–∏—Ç–∫–µ. –û—Ç–≤—Ä–∞—Ç–∏—Ç–µ–ª—å–Ω—ã–µ –≤—Ö–æ–¥—ã, –∫–∞–∫ –±—É–¥—Ç–æ –ø–æ –ø–æ–º–æ–π–∫–µ –∏–¥–µ—à—å.",–∫—É—Ä—è—Ç –≤–Ω—É—Ç—Ä–∏ —Å—Ç–æ–ª–∞—Ö —Å—Ç–æ—è—Ç –ø–µ–ø–µ–ª—å–Ω–∏—Ü—ã –∫—É–π–±—ã—à–µ–≤–±–∞—Ä –Ω–∞–ª–∏–≤–∞–µ—Ç –ø–∏–≤–æ –ø–ª–∞—Å—Ç–∏–∫–æ–≤—ã–µ —Å—Ç–∞–∫–∞–Ω—ã –ª–µ—Å—Ç–Ω–∏—Ü–∞ –≤–µ–¥–µ—Ç –Ω–∏–∫—É–¥–∞ –∑–∞–∫—Ä—ã—Ç–æ–π –∫–∞–ª–∏—Ç–∫–µ –æ—Ç–≤—Ä–∞—Ç–∏—Ç–µ–ª—å–Ω—ã–µ –≤—Ö–æ–¥—ã –ø–æ–º–æ–π–∫–µ –∏–¥–µ—à—å,0.34888206385899967
5,–ù–∏—á–µ–≥–æ –æ—Ä–∏–≥–∏–Ω–∞–ª—å–Ω–æ–≥–æ –∏ –∏–Ω—Ç–µ—Ä–µ—Å–Ω–æ–≥–æ . –ë–∞—Ä—ã –¥–æ—Ä–æ–≥–∏–µ . –°–∫—É—á–Ω–æ–µ –º–µ—Å—Ç–æ,–æ—Ä–∏–≥–∏–Ω–∞–ª—å–Ω–æ–≥–æ –∏–Ω—Ç–µ—Ä–µ—Å–Ω–æ–≥–æ –±–∞—Ä—ã –¥–æ—Ä–æ–≥–∏–µ —Å–∫—É—á–Ω–æ–µ –º–µ—Å—Ç–æ,0.3919994445887657
6,"–î–µ–ª–∞—Ç—å –Ω–µ—á–µ–≥–æ –Ω–∞ —Å—Ç–∞–Ω–∫–æ–∑–∞–≤–æ–¥–µ(( –∑–∞–≤–µ–¥–µ–Ω–∏—è –æ—Ç—Å—Ç–æ–π, –µ–¥–∞ –Ω–µ –≤–∫—É—Å–Ω–∞ ",–¥–µ–ª–∞—Ç—å –Ω–µ—á–µ–≥–æ —Å—Ç–∞–Ω–∫–æ–∑–∞–≤–æ–¥–µ –∑–∞–≤–µ–¥–µ–Ω–∏—è –æ—Ç—Å—Ç–æ–π –µ–¥–∞ –≤–∫—É—Å–Ω–∞,0.8727438185270873
7,"–ù–µ –æ—Å–æ–±–æ —Ö–æ—Ä–æ—à–µ–µ –º–µ—Å—Ç–æ, –º–Ω–µ –Ω–µ –ø–æ–Ω—Ä–∞–≤–∏–ª–æ—Å—å. –ß—Ç–æ–± –ø–æ–ø–∞—Å—Ç—å –≤ –º–∞–≥–∞–∑–∏–Ω –Ω—É–∂–Ω–æ –ø–æ–¥–Ω—è—Ç—å—Å—è –¥–∞–ª–µ–∫–æ –Ω–µ –ø–æ –±–µ–∑–æ–ø–∞—Å–Ω–æ–π –ª–µ—Å—Ç–Ω–∏—Ü—ã. –ù–µ —Ä–µ–∫–æ–º–µ–Ω–¥—É—é",–æ—Å–æ–±–æ —Ö–æ—Ä–æ—à–µ–µ –º–µ—Å—Ç–æ –ø–æ–Ω—Ä–∞–≤–∏–ª–æ—Å—å –ø–æ–ø–∞—Å—Ç—å –º–∞–≥–∞–∑–∏–Ω –Ω—É–∂–Ω–æ –ø–æ–¥–Ω—è—Ç—å—Å—è –¥–∞–ª–µ–∫–æ –±–µ–∑–æ–ø–∞—Å–Ω–æ–π –ª–µ—Å—Ç–Ω–∏—Ü—ã —Ä–µ–∫–æ–º–µ–Ω–¥—É—é,0.2705787335582184
8,"–û—á–µ—Ä–µ–¥–Ω–æ–µ –ø—Å–µ–≤–¥–æ–∫—É–ª—å—Ç–æ–≤–æ–µ –º–µ—Å—Ç–æ. –ó–∞–≤—ã—à–µ–Ω–Ω—ã–µ —Ü–µ–Ω—ã,–æ—Ç–≤—Ä–∞—Ç–Ω–æ–µ –æ–±—Å–ª—É–∂–∏–≤–∞–Ω–∏–µ.  –ù–∏—á–µ–≥–æ –∏–Ω—Ç–µ—Ä–µ—Å–Ω–æ–≥–æ. –í—Ç–æ—Ä–æ–π —Ä–∞–∑ –Ω–µ –ø–æ–π–¥—É",–æ—á–µ—Ä–µ–¥–Ω–æ–µ –ø—Å–µ–≤–¥–æ–∫—É–ª—å—Ç–æ–≤–æ–µ –º–µ—Å—Ç–æ –∑–∞–≤—ã—à–µ–Ω–Ω—ã–µ —Ü–µ–Ω—ã –æ—Ç–≤—Ä–∞—Ç–Ω–æ–µ –æ–±—Å–ª—É–∂–∏–≤–∞–Ω–∏–µ –∏–Ω—Ç–µ—Ä–µ—Å–Ω–æ–≥–æ –≤—Ç–æ—Ä–æ–π –ø–æ–π–¥—É,0.3598072310190362
9,–ü—Ä–∏–∫–æ–ª—å–Ω–æ,–ø—Ä–∏–∫–æ–ª—å–Ω–æ,0.08376594595198406
10,"–í—Å—ë –∑–≤–µ–∑–¥—ã –∏–Ω—Ç–µ—Ä—å–µ—Ä—É –∏ –±–æ–º–±–∏—á–µ—Å–∫–æ–π –∞—Ç–º–æ—Å—Ñ–µ—Ä–µ ) 
–ö–∞—Ñ–µ: –º–µ–Ω—é –∏ —Ü–µ–Ω—ã, —Å–µ—Ä–≤–∏—Å - –∂–µ–ª–∞—é—Ç –æ—Å—Ç–∞–≤–ª—è—Ç—å –ª—É—á—à–µ–≥–æ. 
–í –±–ª–∏–∂–∞–π—à–µ–µ –≤—Ä–µ–º—è —Ç–æ—á–Ω–æ –Ω–µ –ø–æ–π–¥—É —Å—é–¥–∞.. 
–í–µ—Ä–æ—è—Ç–Ω–æ, —Ä–µ–±—è—Ç–∞–º –Ω—É–∂–Ω–æ –≤—Ä–µ–º—è, —á—Ç–æ–±—ã –æ—Å–≤–æ–∏—Ç—å—Å—è",–≤—Å—ë –∑–≤–µ–∑–¥—ã –∏–Ω—Ç–µ—Ä—å–µ—Ä—É –±–æ–º–±–∏—á–µ—Å–∫–æ–π –∞—Ç–º–æ—Å—Ñ–µ—Ä–µ –∫–∞—Ñ–µ –º–µ–Ω—é —Ü–µ–Ω—ã —Å–µ—Ä–≤–∏—Å –∂–µ–ª–∞—é—Ç –æ—Å—Ç–∞–≤–ª—è—Ç—å –ª—É—á—à–µ–≥–æ –±–ª–∏–∂–∞–π—à–µ–µ –≤—Ä–µ–º—è —Ç–æ—á–Ω–æ –ø–æ–π–¥—É —Å—é–¥–∞ –≤–µ—Ä–æ—è—Ç–Ω–æ —Ä–µ–±—è—Ç–∞–º –Ω—É–∂–Ω–æ –≤—Ä–µ–º—è –æ—Å–≤–æ–∏—Ç—å—Å—è,0.38764695478663336
11,"–ø–æ–∫–∞ —Ç–∞–º –¥–µ–ª–∞—Ç—å –æ—Å–æ–±–æ –Ω–µ—á–µ–≥–æ, –∑–∞–≤–µ–¥–µ–Ω–∏–π –º–∞–ª–æ, –≤—Å–µ –∑–∞–∫—Ä—ã—Ç–æ –ø–æ—á—Ç–∏, –Ω–æ –≤–Ω—É—Ç—Ä–∏ —Ö–æ—Ä–æ—à–∏–π –∫—Ä–∞—Å–∏–≤—ã–π —Ä–µ–º–æ–Ω—Ç",–ø–æ–∫–∞ –¥–µ–ª–∞—Ç—å –æ—Å–æ–±–æ –Ω–µ—á–µ–≥–æ –∑–∞–≤–µ–¥–µ–Ω–∏–π –º–∞–ª–æ –∑–∞–∫—Ä—ã—Ç–æ –≤–Ω—É—Ç—Ä–∏ —Ö–æ—Ä–æ—à–∏–π –∫—Ä–∞—Å–∏–≤—ã–π —Ä–µ–º–æ–Ω—Ç,0.7749082119724958
12,"–í –∫–∞–∂–¥—É—é –¥—ã—Ä–∫—É –ø—ã—Ç–∞—é—Ç—Å—è –∑–∞—Å—É–Ω—É—Ç—å –∞—Ä–µ–Ω–¥–∞—Ç–æ—Ä–æ–≤, –≥–¥–µ-—Ç–æ –∫—Ä–µ–∞—Ç–∏–≤ –Ω–∏–∫–æ–º—É –Ω–µ–ø–æ–Ω—è—Ç–Ω—ã–π –Ω–∞–≤–µ—Å—Ç–∏, –¥–ª—è –ª—é–¥–µ–π –Ω–∏—á–µ–≥–æ –æ—Å–æ–±–µ–Ω–Ω–æ–≥–æ –∏ –∏–Ω—Ç–µ—Ä–µ—Å–Ω–æ–≥–æ. ",–∫–∞–∂–¥—É—é –¥—ã—Ä–∫—É –ø—ã—Ç–∞—é—Ç—Å—è –∑–∞—Å—É–Ω—É—Ç—å –∞—Ä–µ–Ω–¥–∞—Ç–æ—Ä–æ–≤ –∫—Ä–µ–∞—Ç–∏–≤ –Ω–∏–∫–æ–º—É –Ω–µ–ø–æ–Ω—è—Ç–Ω—ã–π –Ω–∞–≤–µ—Å—Ç–∏ –ª—é–¥–µ–π –æ—Å–æ–±–µ–Ω–Ω–æ–≥–æ –∏–Ω—Ç–µ—Ä–µ—Å–Ω–æ–≥–æ,0.5033711164989833
13,"–ù–µ –ø–æ–Ω—è–ª —á—Ç–æ –∑–∞–≤–∏–¥–µ–Ω–∏–µ- —Ä–∞–∑–Ω—ã–µ –∑–∞–ª—ã, –≤—Ö–æ–¥ —á–µ—Ä–µ–∑ —É–ª–∏—Ü—É- –±—ã–ª–æ –±–∏—Ç–∫–æ–º –≤ –∑–∞–≤–µ–¥–µ–Ω–∏–∏",–ø–æ–Ω—è–ª –∑–∞–≤–∏–¥–µ–Ω–∏–µ —Ä–∞–∑–Ω—ã–µ –∑–∞–ª—ã –≤—Ö–æ–¥ —É–ª–∏—Ü—É –±–∏—Ç–∫–æ–º –∑–∞–≤–µ–¥–µ–Ω–∏–∏,0.36541482919994106
14,"–°—Ç—É–ª—å–µ–≤ –º–∞–ª–æ, –ø–æ—Å–∞–¥–æ—á–Ω—ã—Ö –º–µ—Å—Ç –µ—â—ë –º–µ–Ω—å—à–µ. –ú—É–∑–ª–æ –Ω–∞ –ª—é–±–∏—Ç–µ–ª—è, –ø–æ –º–Ω–µ —Ç–∞–∫ —à–ª—è–ø–∞. –ü–∏–≤–Ω–∞—è –∫–∞—Ä—Ç–∞ —Å–ª–∞–±–æ–≤–∞—Ç–æ, –∫–æ–∫—Ç–µ–π–ª—å–Ω–∞—è –≤—Ä–æ–¥–µ –±–æ–ª–µ–µ –º–µ–Ω–µ–µ, –Ω–æ –∏–Ω–≥—Ä–µ–¥–∏–µ–Ω—Ç—ã —É–∂–µ —Å–º–µ—à–∞–Ω—ã –∏ –ø–æ–¥–≥–æ—Ç–æ–≤–ª–µ–Ω—ã, —á—Ç–æ –Ω–µ –¥–∞—ë—Ç —É–±–∏—Ä–∞—Ç—å –∏–ª–∏ –¥–æ–±–∞–≤–ª—è—Ç—å, —Ç–æ —á—Ç–æ –Ω—Ä–∞–≤–∏—Ç—Å—è.",—Å—Ç—É–ª—å–µ–≤ –º–∞–ª–æ –ø–æ—Å–∞–¥–æ—á–Ω—ã—Ö –º–µ—Å—Ç –µ—â—ë –º–µ–Ω—å—à–µ –º—É–∑–ª–æ –ª—é–±–∏—Ç–µ–ª—è —à–ª—è–ø–∞ –ø–∏–≤–Ω–∞—è –∫–∞—Ä—Ç–∞ —Å–ª–∞–±–æ–≤–∞—Ç–æ –∫–æ–∫—Ç–µ–π–ª—å–Ω–∞—è –≤—Ä–æ–¥–µ –º–µ–Ω–µ–µ –∏–Ω–≥—Ä–µ–¥–∏–µ–Ω—Ç—ã —Å–º–µ—à–∞–Ω—ã –ø–æ–¥–≥–æ—Ç–æ–≤–ª–µ–Ω—ã –¥–∞—ë—Ç —É–±–∏—Ä–∞—Ç—å –¥–æ–±–∞–≤–ª—è—Ç—å –Ω—Ä–∞–≤–∏—Ç—Å—è,0.3573755810647161
15,"–ù–µ –±–æ–ª–µ–µ, —á–µ–º –Ω–µ–æ–±—ã—á–Ω—ã–π –∞–Ω—Ç—É—Ä–∞–∂) –º–æ–∂–µ—Ç –¥–∞–ª—å—à–µ –±—É–¥–µ—Ç –∏–Ω—Ç–µ—Ä–µ—Å–Ω–µ–π)",–Ω–µ–æ–±—ã—á–Ω—ã–π –∞–Ω—Ç—É—Ä–∞–∂ –¥–∞–ª—å—à–µ –∏–Ω—Ç–µ—Ä–µ—Å–Ω–µ–π,0.28393078465767363
16,"–ü—ã—Ç–∞–ª–∏—Å—å —á—Ç–æ —Ç–æ —Å–¥–µ–ª–∞—Ç—å ))) –Ω–æ –Ω–∏ —Ñ–∞–Ω—Ç–∞–∑–∏–∏ –Ω–∏ –æ–ø—ã—Ç–∞ –Ω–∏ –¥–µ–Ω–µ–≥ —á—Ç–æ —Ç–æ –∏–Ω—Ç–µ—Ä–µ—Å–Ω–æ–µ —Å–¥–µ–ª–∞—Ç—å –≤–∏–¥–∏–º–æ  –Ω–µ—Ç 

–í–æ–∑–º–æ–∂–Ω–æ —á—Ç–æ —Ç–æ –±—É–¥–µ—Ç –º–µ–Ω—è—Ç—å—Å—è —Å–æ –≤—Ä–µ–º–µ–Ω–µ–º ‚Ä¶. –ù–æ –ü–æ–∫–∞ - –Ω–µ –≤–ø–µ—á–∞—Ç–ª–∏–ª–æ",–ø—ã—Ç–∞–ª–∏—Å—å —Å–¥–µ–ª–∞—Ç—å —Ñ–∞–Ω—Ç–∞–∑–∏–∏ –æ–ø—ã—Ç–∞ –¥–µ–Ω–µ–≥ –∏–Ω—Ç–µ—Ä–µ—Å–Ω–æ–µ —Å–¥–µ–ª–∞—Ç—å –≤–∏–¥–∏–º–æ –≤–æ–∑–º–æ–∂–Ω–æ –º–µ–Ω—è—Ç—å—Å—è –≤—Ä–µ–º–µ–Ω–µ–º –ø–æ–∫–∞ –≤–ø–µ—á–∞—Ç–ª–∏–ª–æ,0.3825913848423428
17,–ü–æ–∫–∞ —á—Ç–æ —Ç–∞–º –ø—É—Å—Ç–æ))),–ø–æ–∫–∞ –ø—É—Å—Ç–æ,0.7365405020758646
18,"–û–±–µ—â–∞–ª–∞ –æ—Ç–∑—ã–≤ –Ω–∞ –ø–µ—Ä—Å–æ–Ω–∞–ª- –ø–∏—à—É. 17 —Å–µ–Ω—Ç—è–±—Ä—è –±—ã–ª–∏ –Ω–∞ –≤–µ—á–µ—Ä–∏–Ω–∫–µ –±—á–± –Ω–∞ —Å—Ç–∞–Ω–∫–æ–∑–∞–≤–æ–¥–µ, –∏ –≤—Å–µ –±—ã –ø—Ä–µ–∫—Ä–∞—Å–Ω–æ. –ù–æ –ø–µ—Ä—Å–æ–Ω–∞–ª –Ω–∞ –≤—Ö–æ–¥–µ, –∞ –∫–æ–Ω–∫—Ä–µ—Ç–Ω–æ –±–∞—Ä—ã—à–Ω–∏, —á—Ç–æ –ø—Ä–æ–±–∏–≤–∞—é—Ç –æ–ø–ª–∞—Ç—É –∑–∞ –≤—Ö–æ–¥ –∏ –≤–µ—à–∞—é—Ç –±—Ä–∞—Å–ª–µ—Ç—ã- –ø—Ä–æ —Å–ª–æ–≤–æ ¬´—Å–µ—Ä–≤–∏—Å¬ª –∏ —á—Ç–æ –≤—ã ¬´–ª–∏—Ü–æ –∑–∞–≤–µ–¥–µ–Ω–∏—è¬ª –æ—á–µ–≤–∏–¥–Ω–æ –∏–º –Ω–µ —Å–∫–∞–∑–∞–ª–∏. –•–∞–º–∫–∏, –∫–∞–∫–∏—Ö —Ç–æ–ª—å–∫–æ –ø–æ–∏—Å–∫–∞—Ç—å. –Ø —Ç–∞–∫–æ–≥–æ –ø–æ–∑–æ—Ä–Ω–æ–≥–æ –ø–µ—Ä—Å–æ–Ω–∞–ª–∞ –Ω–µ –≤—Å—Ç—Ä–µ—á–∞–ª–∞ –æ—á –¥–∞–≤–Ω–æ.–¥–∞ –Ω–∏–∫–æ–≥–¥–∞. –£—Å–ø–µ—Ö–æ–≤ –ø–ª–æ—â–∞–¥–∫–µ –∏ –ø—Ä–µ–∫—Ä–∞—Å–Ω—ã—Ö –∞—Ä—Ç–∏—Å—Ç–æ–≤. ",–æ–±–µ—â–∞–ª–∞ –æ—Ç–∑—ã–≤ –ø–µ—Ä—Å–æ–Ω–∞–ª –ø–∏—à—É —Å–µ–Ω—Ç—è–±—Ä—è –≤–µ—á–µ—Ä–∏–Ω–∫–µ –±—á–± —Å—Ç–∞–Ω–∫–æ–∑–∞–≤–æ–¥–µ –ø—Ä–µ–∫—Ä–∞—Å–Ω–æ –ø–µ—Ä—Å–æ–Ω–∞–ª –≤—Ö–æ–¥–µ –∫–æ–Ω–∫—Ä–µ—Ç–Ω–æ –±–∞—Ä—ã—à–Ω–∏ –ø—Ä–æ–±–∏–≤–∞—é—Ç –æ–ø–ª–∞—Ç—É –≤—Ö–æ–¥ –≤–µ—à–∞—é—Ç –±—Ä–∞—Å–ª–µ—Ç—ã —Å–ª–æ–≤–æ —Å–µ—Ä–≤–∏—Å –ª–∏—Ü–æ –∑–∞–≤–µ–¥–µ–Ω–∏—è –æ—á–µ–≤–∏–¥–Ω–æ —Å–∫–∞–∑–∞–ª–∏ —Ö–∞–º–∫–∏ –∫–∞–∫–∏—Ö –ø–æ–∏—Å–∫–∞—Ç—å —Ç–∞–∫–æ–≥–æ –ø–æ–∑–æ—Ä–Ω–æ–≥–æ –ø–µ—Ä—Å–æ–Ω–∞–ª–∞ –≤—Å—Ç—Ä–µ—á–∞–ª–∞ –æ—á –¥–∞–≤–Ω–æ —É—Å–ø–µ—Ö–æ–≤ –ø–ª–æ—â–∞–¥–∫–µ –ø—Ä–µ–∫—Ä–∞—Å–Ω—ã—Ö –∞—Ä—Ç–∏—Å—Ç–æ–≤,0.21713988938181894
19,"–û—á–µ–Ω—å –∏–Ω—Ç–µ—Ä–µ—Å–Ω–æ–µ –∏ –Ω–µ–æ–±—ã—á–Ω–æ–µ –º–µ—Å—Ç–æ. –ë—ã–ª–∏ –Ω–∞ —à–æ—É ""–í—Å–µ –Ω–∞—à–∏"", –¥–ª—è –º–æ–¥–Ω–æ–≥–æ –ø–æ–∫–∞–∑–∞ –∞—Ç–º–æ—Å—Ñ–µ—Ä–Ω–æ. –ù–æ –≤–æ—Ç —É–±–æ—Ä–Ω—ã—Ö –Ω–µ—Ç (((",–æ—á–µ–Ω—å –∏–Ω—Ç–µ—Ä–µ—Å–Ω–æ–µ –Ω–µ–æ–±—ã—á–Ω–æ–µ –º–µ—Å—Ç–æ —à–æ—É –Ω–∞—à–∏ –º–æ–¥–Ω–æ–≥–æ –ø–æ–∫–∞–∑–∞ –∞—Ç–º–æ—Å—Ñ–µ—Ä–Ω–æ —É–±–æ—Ä–Ω—ã—Ö,0.09840567047588711
20,–ò–Ω—Ç–µ—Ä–µ—Å–Ω–æ–µ –º–µ—Å—Ç–æ,–∏–Ω—Ç–µ—Ä–µ—Å–Ω–æ–µ –º–µ—Å—Ç–æ,0.1634039661345822
21,"–ï—â—ë —É–ª—É—á—à–∞—Ç—å –∏ —É–ª—É—á—à–∞—Ç—å, —É–∫—Ä–∞—à–∞—Ç—å –∏ —Ä–∞—Å—à–∏—Ä—è—Ç—å.",–µ—â—ë —É–ª—É—á—à–∞—Ç—å —É–ª—É—á—à–∞—Ç—å —É–∫—Ä–∞—à–∞—Ç—å —Ä–∞—Å—à–∏—Ä—è—Ç—å,0.37606891416652
22,–£ —ç—Ç–æ–≥–æ –º–µ—Å—Ç–∞ –≤—Å–µ –≤–ø–µ—Ä–µ–¥–∏,–º–µ—Å—Ç–∞ –≤–ø–µ—Ä–µ–¥–∏,0.5646066549322434
23,"–î–æ—Å—Ç–∞—Ç–æ—á–Ω–æ –ü—Ä–æ—Ö–ª–∞–¥–Ω—ã–π –∫–æ–Ω—Ñ–µ—Ä–µ–Ω—Ü-–∑–∞–ª, –∑–∞–ª –¥–ª—è –ø—Ä–æ–≤–µ–¥–µ–Ω–∏—è –±–∞–Ω–∫–µ—Ç–æ–≤ –≤–æ–æ–±—â–µ –æ—á–µ–Ω—å –º–∏–Ω–∏–º–∞–ª–∏—Å—Ç–∏—á–Ω–æ–º —Å—Ç–∏–ª–µ, –Ω–∞–≤–µ—Ä–Ω–æ–µ —Ç–æ–≥–æ —Ç—Ä–µ–±—É–µ—Ç –≠–ø–æ—Ö–∞",–¥–æ—Å—Ç–∞—Ç–æ—á–Ω–æ –ø—Ä–æ—Ö–ª–∞–¥–Ω—ã–π –∫–æ–Ω—Ñ–µ—Ä–µ–Ω—Ü –∑–∞–ª –∑–∞–ª –ø—Ä–æ–≤–µ–¥–µ–Ω–∏—è –±–∞–Ω–∫–µ—Ç–æ–≤ –≤–æ–æ–±—â–µ –æ—á–µ–Ω—å –º–∏–Ω–∏–º–∞–ª–∏—Å—Ç–∏—á–Ω–æ–º —Å—Ç–∏–ª–µ –Ω–∞–≤–µ—Ä–Ω–æ–µ —Ç—Ä–µ–±—É–µ—Ç —ç–ø–æ—Ö–∞,0.4043586329242289
24,"–í —Ü–µ–ª–æ–º –æ—á–µ–Ω—å –Ω–µ–ø–ª–æ—Ö–æ. –Ø –ø—Ä–æ –≤–µ—á–µ—Ä–Ω–µ-–Ω–æ—á–Ω—É—é –∂–∏–∑–Ω—å. –ö—É–π–±—ã—à–µ–≤ –±–ª–∏–∂–µ —Ä–µ–ø–µ—Ä—Ç—É–∞—Ä–æ–º –∏ ""–ø–æ—Å—Ç—Ä–æ–µ–Ω–∏–µ–º"" –ø—Ä–æ—Å—Ç—Ä–∞–Ω—Å—Ç–≤–∞, –∂–∏–≤–æ–π –º—É–∑—ã–∫–æ–π. –ù–æ –≤—Å–µ —É–±–∏–≤–∞–µ—Ç –ø–µ—Ä—Å–æ–Ω–∞–ª.  –ë–∞—Ä–º–µ–Ω—ã –æ—Ç—Å—Ç–æ–π. –û—Å–æ–±–µ–Ω–Ω–æ –º–µ–ª–∫–∏–π —Å –∞–∑–∏–∞—Ç—Å–∫–æ–π –≤–Ω–µ—à–Ω–æ—Å—Ç—å—é. –•—Ä–µ–Ω –¥–æ–∑–æ–≤–µ—à—å—Å—è-—Ä–∞—Å–ø–ª–∞—Ç–∏—à—å—Å—è. –ë–æ–ª—å—à–æ–π –ø—É—Ö–ª—ã–π —Ç–∞–∫–æ–π –∂–µ. –ù–æ—Ä–º–∞–ª—å–Ω—ã–π —Ç–æ–ª—å–∫–æ —Ç–µ–º–Ω–µ–Ω—å–∫–∏–π —Ö—É–¥–æ—â–∞–≤—ã–π. –í–æ–ª–∂–∞–π–Ω–∞ –º–∞–ª–∞ –ø–æ—Å–∞–¥–æ—á–Ω—ã–º–∏ –º–µ—Å—Ç–∞–º–∏. –ù–æ –ø–µ—Ä—Å–æ–Ω–∞–ª –Ω–∞ –≤—ã—Å–æ—Ç–µ. –ò –±–∞—Ä–º–µ–Ω—ã –∏ –¥–µ–≤—á–æ–Ω–∫–∏-–æ—Ñ–∏—Ü–∏–∞–Ω—Ç–∫–∏. –ü–æ—Å—Ç–æ—è–Ω–Ω–æ ""—É –≤–∞—Å –ø—Ä–∏–Ω—è–ª–∏ –∑–∞–∫–∞–∑""? –î–∞–∂–µ –µ—Å–ª–∏ —Å—Ç–æ–∏—à—å –≤ 3 —Ä—è–¥—É. –í—ã–±–æ—Ä –≤—Å–µ–≥–¥–∞ –µ—Å—Ç—å.",—Ü–µ–ª–æ–º –æ—á–µ–Ω—å –Ω–µ–ø–ª–æ—Ö–æ –≤–µ—á–µ—Ä–Ω–µ –Ω–æ—á–Ω—É—é –∂–∏–∑–Ω—å –∫—É–π–±—ã—à–µ–≤ –±–ª–∏–∂–µ —Ä–µ–ø–µ—Ä—Ç—É–∞—Ä–æ–º –ø–æ—Å—Ç—Ä–æ–µ–Ω–∏–µ–º –ø—Ä–æ—Å—Ç—Ä–∞–Ω—Å—Ç–≤–∞ –∂–∏–≤–æ–π –º—É–∑—ã–∫–æ–π —É–±–∏–≤–∞–µ—Ç –ø–µ—Ä—Å–æ–Ω–∞–ª –±–∞—Ä–º–µ–Ω—ã –æ—Ç—Å—Ç–æ–π –æ—Å–æ–±–µ–Ω–Ω–æ –º–µ–ª–∫–∏–π –∞–∑–∏–∞—Ç—Å–∫–æ–π –≤–Ω–µ—à–Ω–æ—Å—Ç—å—é —Ö—Ä–µ–Ω –¥–æ–∑–æ–≤–µ—à—å—Å—è —Ä–∞—Å–ø–ª–∞—Ç–∏—à—å—Å—è –±–æ–ª—å—à–æ–π –ø—É—Ö–ª—ã–π –Ω–æ—Ä–º–∞–ª—å–Ω—ã–π —Ç–µ–º–Ω–µ–Ω—å–∫–∏–π —Ö—É–¥–æ—â–∞–≤—ã–π –≤–æ–ª–∂–∞–π–Ω–∞ –º–∞–ª–∞ –ø–æ—Å–∞–¥–æ—á–Ω—ã–º–∏ –º–µ—Å—Ç–∞–º–∏ –ø–µ—Ä—Å–æ–Ω–∞–ª –≤—ã—Å–æ—Ç–µ –±–∞—Ä–º–µ–Ω—ã –¥–µ–≤—á–æ–Ω–∫–∏ –æ—Ñ–∏—Ü–∏–∞–Ω—Ç–∫–∏ –ø–æ—Å—Ç–æ—è–Ω–Ω–æ –ø—Ä–∏–Ω—è–ª–∏ –∑–∞–∫–∞–∑ —Å—Ç–æ–∏—à—å —Ä—è–¥—É –≤—ã–±–æ—Ä,0.22602061907401316
25,–°–∏–º–ø–∞—Ç–∏—á–Ω–æ–µ —Ä–æ–¥–Ω–æ–µ –º–µ—Å—Ç–æ,—Å–∏–º–ø–∞—Ç–∏—á–Ω–æ–µ —Ä–æ–¥–Ω–æ–µ –º–µ—Å—Ç–æ,0.492562053312699
26,"–¢–∞–∫–æ–µ –∫—Ä–∞—Å–∏–≤–æ–µ –º–µ—Å—Ç–æ! –Ø—Ä–∫–æ–µ, —Ä–∞–∑–Ω–æ–æ–±—Ä–∞–∑–Ω–æ–µ, –º–Ω–æ–≥–æ—É—Ä–æ–≤–Ω–µ–≤–æ–µ. –°–æ—á–µ—Ç–∞–Ω–∏–µ —Å–æ–≤–µ—Ç—Å–∫–∏—Ö –æ—Ç–≥–æ–ª–æ—Å–∫–æ–≤ —Å —É–ª—å—Ç—Ä–∞—Å–æ–≤—Ä–µ–º–µ–Ω–Ω—ã–º –¥–∏–∑–∞–π–Ω–æ–º. –ï—Å—Ç—å –¥–≤–∞ –Ω–µ–ø—Ä–∏—è—Ç–Ω—ã—Ö –º–æ–º–µ–Ω—Ç–∞. –í–æ-–ø–µ—Ä–≤—ã—Ö, –Ω–∏–≥–¥–µ –Ω–µ—Ç —É–∫–∞–∑–∞—Ç–µ–ª–µ–π, –≥–¥–µ —á—Ç–æ –Ω–∞—Ö–æ–¥–∏—Ç—Å—è. –ü—Ä–∏—à–ª–æ—Å—å —É—Ç–æ—á–Ω—è—Ç—å –ø–æ —Ç–µ–ª–µ—Ñ–æ–Ω—É, –∫–∞–∫ –ø—Ä–æ–π—Ç–∏ –≤ –Ω—É–∂–Ω–æ–µ –º–Ω–µ –º–µ—Å—Ç–æ. –í–æ-–≤—Ç–æ—Ä—ã—Ö, —á—Ç–æ–±—ã –ø–æ–ø–∞—Å—Ç—å –Ω–∞ 2-–π —ç—Ç–∞–∂, –Ω—É–∂–Ω–æ –±—ã–ª–æ –ø–æ–¥–Ω–∏–º–∞—Ç—å—Å—è –ø–æ —É–ª–∏—á–Ω–æ–π –ª–µ—Å—Ç–Ω–∏—Ü–µ. –®—ë–ª –¥–æ–∂–¥—å, –∏ —ç—Ç–æ –±—ã–ª–æ –∫—Ä–∞–π–Ω–µ –Ω–µ–ø—Ä–∏—è—Ç–Ω–æ. –ü–ª—é—Å —è –±—ã–ª–∞ —Å —Ä–µ–±—ë–Ω–∫–æ–º - –∫–æ–ª—è—Å–∫—É —Ç–æ–∂–µ –ø—Ä–∏—à–ª–æ—Å—å –±—Ä–æ—Å–∏—Ç—å –ø–æ–¥ –¥–æ–∂–¥—ë–º. –ù–æ –≤ –æ—Å—Ç–∞–ª—å–Ω–æ–º —è –¥–æ–≤–æ–ª—å–Ω–∞. ",—Ç–∞–∫–æ–µ –∫—Ä–∞—Å–∏–≤–æ–µ –º–µ—Å—Ç–æ —è—Ä–∫–æ–µ —Ä–∞–∑–Ω–æ–æ–±—Ä–∞–∑–Ω–æ–µ –º–Ω–æ–≥–æ—É—Ä–æ–≤–Ω–µ–≤–æ–µ —Å–æ—á–µ—Ç–∞–Ω–∏–µ —Å–æ–≤–µ—Ç—Å–∫–∏—Ö –æ—Ç–≥–æ–ª–æ—Å–∫–æ–≤ —É–ª—å—Ç—Ä–∞—Å–æ–≤—Ä–µ–º–µ–Ω–Ω—ã–º –¥–∏–∑–∞–π–Ω–æ–º –Ω–µ–ø—Ä–∏—è—Ç–Ω—ã—Ö –º–æ–º–µ–Ω—Ç–∞ –ø–µ—Ä–≤—ã—Ö –Ω–∏–≥–¥–µ —É–∫–∞–∑–∞—Ç–µ–ª–µ–π –Ω–∞—Ö–æ–¥–∏—Ç—Å—è –ø—Ä–∏—à–ª–æ—Å—å —É—Ç–æ—á–Ω—è—Ç—å —Ç–µ–ª–µ—Ñ–æ–Ω—É –ø—Ä–æ–π—Ç–∏ –Ω—É–∂–Ω–æ–µ –º–µ—Å—Ç–æ –≤—Ç–æ—Ä—ã—Ö –ø–æ–ø–∞—Å—Ç—å –π —ç—Ç–∞–∂ –Ω—É–∂–Ω–æ –ø–æ–¥–Ω–∏–º–∞—Ç—å—Å—è —É–ª–∏—á–Ω–æ–π –ª–µ—Å—Ç–Ω–∏—Ü–µ —à—ë–ª –¥–æ–∂–¥—å —ç—Ç–æ –∫—Ä–∞–π–Ω–µ –Ω–µ–ø—Ä–∏—è—Ç–Ω–æ –ø–ª—é—Å —Ä–µ–±—ë–Ω–∫–æ–º –∫–æ–ª—è—Å–∫—É –ø—Ä–∏—à–ª–æ—Å—å –±—Ä–æ—Å–∏—Ç—å –¥–æ–∂–¥—ë–º –æ—Å—Ç–∞–ª—å–Ω–æ–º –¥–æ–≤–æ–ª—å–Ω–∞,0.46699007286039484
27,"–û—Ç–ª–∏—á–Ω–æ–µ –º–µ—Å—Ç–æ –¥–ª—è —Ñ–æ—Ç–æ—Å–µ—Å—Å–∏–∏. –ú–∞–ª–æ —Ä–∞–∑–≤–∏—Ç –µ—â—ë, –¥–æ–±–∞–≤—å—Ç–µ –∫–∞—Ä—Ç–∏–Ω—É –≥–∞–ª–µ—Ä–µ—é)",–æ—Ç–ª–∏—á–Ω–æ–µ –º–µ—Å—Ç–æ —Ñ–æ—Ç–æ—Å–µ—Å—Å–∏–∏ –º–∞–ª–æ —Ä–∞–∑–≤–∏—Ç –µ—â—ë –¥–æ–±–∞–≤—å—Ç–µ –∫–∞—Ä—Ç–∏–Ω—É –≥–∞–ª–µ—Ä–µ—é,0.23119179599442863
28,"–ê–≤–∞–Ω—Å–æ–º —Å—Ç–∞–≤–ª—é 4*, –∑–∞ –∏–¥–µ—é. 
–ù–∞ –º–≥–Ω–æ–≤–µ–Ω–∏–µ —è –ø–æ–¥—É–º–∞–ª–∞, —á—Ç–æ –ø–æ–ø–∞–ª–∞ —Ç–µ–ª–µ–ø–æ—Ä—Ç–æ–º –≤ –°–ü–± –∏–ª–∏ –ï–∫–∞—Ç. 

–ù–æ –ø–æ—Ç–æ–º, –Ω–∞—Ç–∫–Ω—É–ª–∞—Å—å –Ω–∞ –∫–∞—Ñ–µ, —Å —Ç–∞–±–ª–∏—á–∫–æ–π, ""–º—ã –æ—Ç–∫—Ä—ã–ª–∏—Å—å –ø–µ—Ä–≤—ã–º–∏"", –∫–æ—Ç–æ—Ä–æ–µ –ø–æ —Ñ–∞–∫—Ç—É –Ω–µ —Ä–∞–±–æ—Ç–∞–ª–æ, –ø–æ –ø—Ä–∏—á–∏–Ω–µ, –Ω–∞–ø–∏—Å–∞–Ω–Ω–æ–π –Ω–∞ –∫–ª–æ—á–∫–µ –±—É–º–∞–≥–∏ –∏ –ø—Ä–∏–∫–ª–µ–µ–Ω–Ω–æ–π –Ω–∞ –¥–≤–µ—Ä—å "" –ù–µ—Ç –≤–æ–¥—ã"".

–û—Ç–∫—Ä—ã—Ç–æ –≤—Å–µ–≥–æ –ª–∏—à—å –ø–∞—Ä—É –∞—É–¥–∏—Ç–æ—Ä–∏–π, –æ–¥–Ω–∞ —Å —Ç–∞–±–ª–∏—á–∫–æ–π, ""–õ–µ–∫—Ç–æ—Ä–∏–π"", –≤ –æ–±–µ–∏—Ö —à–æ—É-—Ä—É–º, –∏ —Ñ—É—Ä—à–µ—Ç. –ü—Ä–∏ —á–µ–º –Ω–µ –ø–æ–Ω—è—Ç–Ω–æ, –¥–ª—è –∫–æ–≥–æ. 
–ï—Å–ª–∏ —è –ø—Ä–∞–≤–∏–ª—å–Ω–æ –ø–æ–Ω—è–ª–∞, —ç—Ç–æ –Ω–æ–≤—ã–π —Ç–≤–æ—Ä—á–µ—Å–∫–∏–π –∫–ª–∞—Å—Ç–µ—Ä, —Å –≤—ã—Å–æ–∫–æ–π –∞—Ä–µ–Ω–¥–æ–π –∏ –∞–º–±–∏—Ü–∏—è–º–∏. 

–ù–æ, —á—Ç–æ –æ–¥–Ω–æ–∑–Ω–∞—á–Ω–æ –∫—Ä—É—Ç–æ, —Ç–∞–∫ —ç—Ç–æ –≤—ã—Ö–æ–¥ –Ω–∞ –∫—Ä—ã—à—É! 
–ü–æ—Å–º–æ—Ç—Ä–µ—Ç—å, —Ç–æ—á–Ω–æ —Ä–µ–∫–æ–º–µ–Ω–¥—É—é :)! ",–∞–≤–∞–Ω—Å–æ–º —Å—Ç–∞–≤–ª—é –∏–¥–µ—é –º–≥–Ω–æ–≤–µ–Ω–∏–µ –ø–æ–¥—É–º–∞–ª–∞ –ø–æ–ø–∞–ª–∞ —Ç–µ–ª–µ–ø–æ—Ä—Ç–æ–º —Å–ø–± –µ–∫–∞—Ç –Ω–∞—Ç–∫–Ω—É–ª–∞—Å—å –∫–∞—Ñ–µ —Ç–∞–±–ª–∏—á–∫–æ–π –æ—Ç–∫—Ä—ã–ª–∏—Å—å –ø–µ—Ä–≤—ã–º–∏ –∫–æ—Ç–æ—Ä–æ–µ —Ñ–∞–∫—Ç—É —Ä–∞–±–æ—Ç–∞–ª–æ –ø—Ä–∏—á–∏–Ω–µ –Ω–∞–ø–∏—Å–∞–Ω–Ω–æ–π –∫–ª–æ—á–∫–µ –±—É–º–∞–≥–∏ –ø—Ä–∏–∫–ª–µ–µ–Ω–Ω–æ–π –¥–≤–µ—Ä—å –≤–æ–¥—ã –æ—Ç–∫—Ä—ã—Ç–æ –ª–∏—à—å –ø–∞—Ä—É –∞—É–¥–∏—Ç–æ—Ä–∏–π –æ–¥–Ω–∞ —Ç–∞–±–ª–∏—á–∫–æ–π –ª–µ–∫—Ç–æ—Ä–∏–π –æ–±–µ–∏—Ö —à–æ—É —Ä—É–º —Ñ—É—Ä—à–µ—Ç –ø–æ–Ω—è—Ç–Ω–æ –∫–æ–≥–æ –ø—Ä–∞–≤–∏–ª—å–Ω–æ –ø–æ–Ω—è–ª–∞ —ç—Ç–æ –Ω–æ–≤—ã–π —Ç–≤–æ—Ä—á–µ—Å–∫–∏–π –∫–ª–∞—Å—Ç–µ—Ä –≤—ã—Å–æ–∫–æ–π –∞—Ä–µ–Ω–¥–æ–π –∞–º–±–∏—Ü–∏—è–º–∏ –æ–¥–Ω–æ–∑–Ω–∞—á–Ω–æ –∫—Ä—É—Ç–æ —ç—Ç–æ –≤—ã—Ö–æ–¥ –∫—Ä—ã—à—É –ø–æ—Å–º–æ—Ç—Ä–µ—Ç—å —Ç–æ—á–Ω–æ —Ä–µ–∫–æ–º–µ–Ω–¥—É—é,0.045863296329292536
29,"–û—Ç–ª–∏—á–Ω–∞—è –ª–æ–∫–∞—Ü–∏—è, –Ω–æ –ø–æ—á–µ–º—É –≤—Å–µ –∑–∞–∫—Ä—ã–≤–∞–µ—Ç—Å—è –≤ 18/19 —á–∞—Å–æ–≤? 
–í —á–µ–º —Å–º—ã—Å–ª –¥–µ—Ä–∂–∞—Ç—å –Ω–∞ —Ç–µ—Ä—Ä–∏—Ç–æ—Ä–∏–∏ –º–∞–≥–∞–∑–∏–Ω—ã, –∫–æ—Ç–æ—Ä—ã–µ –Ω–µ –≥–µ–Ω–µ—Ä–∏—Ä—É—é—Ç —Ç—Ä–∞—Ñ–∏–∫ –≤ –≤–µ—á–µ—Ä–Ω–µ–µ –≤—Ä–µ–º—è? 
–õ—é–¥–∏ –≤ –æ—Å–Ω–æ–≤–Ω–æ–º —Å–≤–æ–µ–º —Ä–∞–±–æ—Ç–∞—é—Ç –¥–æ 18 —á–∞—Å–æ–≤. 
–û–∫, —è –≤–æ—Ç —Ö–æ—Ç–µ–ª –±—ã –ø—Ä–∏–æ–±—Ä–µ—Å—Ç–∏ –∫–æ–µ —á—Ç–æ, –Ω–æ –ø—Ä–∏–¥—è –ø–æ—Å–ª–µ —Ä–∞–±–æ—Ç—ã –º–µ–Ω—è –≤—Å—Ç—Ä–µ—Ç—è—Ç –∑–∞–∫—Ä—ã—Ç—ã–µ –¥–≤–µ—Ä–∏ –º–∞–≥–∞–∑–∏–Ω–æ–≤, –Ω–æ –±–ª–∞–≥–æ –µ—Å—Ç—å –ø—Ä–∏–≤–µ—Ç–ª–∏–≤—ã–π –ø–µ—Ä—Å–æ–Ω–∞–ª –∏–∑ —Ä–µ—Å—Ç–æ—Ä–∞–Ω–æ–≤, —Ö–æ—Ç—å –≥–¥–µ-—Ç–æ –ø–ª—é—Å) 
–í—Å–µ –≥–∞—Å—Ç—Ä–æ –ø—Ä–æ–µ–∫—Ç—ã —Ö–æ—Ä–æ—à–∏ –≤ –ª–æ–∫–∞—Ü–∏–∏. 
–•–æ—Ç–µ–ª–∏ –ø–æ–ø–∞—Å—Ç—å –Ω–∞ –º–µ—Ä–æ–ø—Ä–∏—è—Ç–∏—è –Ω–∞ –∫—Ä—ã—à–µ, –Ω–æ –Ω–µ —É—Å–ø–µ–ª–∏. –í –¥—Ä—É–≥–æ–π —Ä–∞–∑ –æ–±—è–∑–∞—Ç–µ–ª—å–Ω–æ –ø–æ—Å–µ—Ç–∏–º. –£—Ç—Ä–æ–º –π–æ–≥–∞, –≤–µ—á–µ—Ä–æ–º –≤–µ—á–µ—Ä–∏–Ω–∫–∞ —Å –≤–∏–¥–æ–º –Ω–∞ –ø–æ—Ç—Ä—è—Å–∞—é—â–∏–µ —Å–∞–º–∞—Ä—Å–∫–∏–µ –∑–∞–∫–∞—Ç—ã. 
–ù–∞–¥–µ—é—Å—å —á—Ç–æ —ç—Ç–æ—Ç –ø—Ä–æ–µ–∫—Ç —Å—Ç–∞–Ω–µ—Ç –æ–¥–Ω–æ–π –∏–∑ –º–∞—Å—Ç –≤–∏–∑–∏—Ç –ª–æ–∫–∞—Ü–∏–π –°–∞–º–∞—Ä—ã, –∫–æ—Ç–æ—Ä–æ–π —Ç–∞–∫ —ç—Ç–æ–≥–æ –Ω–µ —Ö–≤–∞—Ç–∞–µ—Ç.",–æ—Ç–ª–∏—á–Ω–∞—è –ª–æ–∫–∞—Ü–∏—è –ø–æ—á–µ–º—É –∑–∞–∫—Ä—ã–≤–∞–µ—Ç—Å—è —á–∞—Å–æ–≤ —Å–º—ã—Å–ª –¥–µ—Ä–∂–∞—Ç—å —Ç–µ—Ä—Ä–∏—Ç–æ—Ä–∏–∏ –º–∞–≥–∞–∑–∏–Ω—ã –∫–æ—Ç–æ—Ä—ã–µ –≥–µ–Ω–µ—Ä–∏—Ä—É—é—Ç —Ç—Ä–∞—Ñ–∏–∫ –≤–µ—á–µ—Ä–Ω–µ–µ –≤—Ä–µ–º—è –ª—é–¥–∏ –æ—Å–Ω–æ–≤–Ω–æ–º —Å–≤–æ–µ–º —Ä–∞–±–æ—Ç–∞—é—Ç —á–∞—Å–æ–≤ –æ–∫ —Ö–æ—Ç–µ–ª –ø—Ä–∏–æ–±—Ä–µ—Å—Ç–∏ –∫–æ–µ –ø—Ä–∏–¥—è —Ä–∞–±–æ—Ç—ã –≤—Å—Ç—Ä–µ—Ç—è—Ç –∑–∞–∫—Ä—ã—Ç—ã–µ –¥–≤–µ—Ä–∏ –º–∞–≥–∞–∑–∏–Ω–æ–≤ –±–ª–∞–≥–æ –ø—Ä–∏–≤–µ—Ç–ª–∏–≤—ã–π –ø–µ—Ä—Å–æ–Ω–∞–ª —Ä–µ—Å—Ç–æ—Ä–∞–Ω–æ–≤ –ø–ª—é—Å –≥–∞—Å—Ç—Ä–æ –ø—Ä–æ–µ–∫—Ç—ã —Ö–æ—Ä–æ—à–∏ –ª–æ–∫–∞—Ü–∏–∏ —Ö–æ—Ç–µ–ª–∏ –ø–æ–ø–∞—Å—Ç—å –º–µ—Ä–æ–ø—Ä–∏—è—Ç–∏—è –∫—Ä—ã—à–µ —É—Å–ø–µ–ª–∏ –æ–±—è–∑–∞—Ç–µ–ª—å–Ω–æ –ø–æ—Å–µ—Ç–∏–º —É—Ç—Ä–æ–º –π–æ–≥–∞ –≤–µ—á–µ—Ä–æ–º –≤–µ—á–µ—Ä–∏–Ω–∫–∞ –≤–∏–¥–æ–º –ø–æ—Ç—Ä—è—Å–∞—é—â–∏–µ —Å–∞–º–∞—Ä—Å–∫–∏–µ –∑–∞–∫–∞—Ç—ã –Ω–∞–¥–µ—é—Å—å –ø—Ä–æ–µ–∫—Ç —Å—Ç–∞–Ω–µ—Ç –æ–¥–Ω–æ–π –º–∞—Å—Ç –≤–∏–∑–∏—Ç –ª–æ–∫–∞—Ü–∏–π —Å–∞–º–∞—Ä—ã –∫–æ—Ç–æ—Ä–æ–π —Ö–≤–∞—Ç–∞–µ—Ç,0.4782989541761946
30,–ú–µ—Å—Ç–æ –ø—Ä–∏—Ç—è–∂–µ–Ω–∏—è,–º–µ—Å—Ç–æ –ø—Ä–∏—Ç—è–∂–µ–Ω–∏—è,0.4072126803617031
31,"–í—á–µ—Ä–∞ –±—ã–ª–∏ –Ω–∞ –∫–æ–Ω—Ü–µ—Ä—Ç–µ –≥—Ä—É–ø–ø—ã –ú—ã—Å–ª–∏–º–∏–º–∞. –ü—Ä–µ–∫—Ä–∞—Å–Ω—ã–µ –≤–∏–¥—ã –Ω–∞ –í–æ–ª–≥—É —Å –∫—Ä—ã—à–∏ , –∞—Ç–º–æ—Å—Ñ–µ—Ä–Ω–æ–µ –º–µ—Å—Ç–æ, –ø—Ä–∏—è—Ç–Ω–∞—è –º—É–∑—ã–∫–∞ –∏ –¥—É—à–µ–≤–Ω–∞—è –∞—Ç–º–æ—Å—Ñ–µ—Ä–∞.",–≤—á–µ—Ä–∞ –∫–æ–Ω—Ü–µ—Ä—Ç–µ –≥—Ä—É–ø–ø—ã –º—ã—Å–ª–∏–º–∏–º–∞ –ø—Ä–µ–∫—Ä–∞—Å–Ω—ã–µ –≤–∏–¥—ã –≤–æ–ª–≥—É –∫—Ä—ã—à–∏ –∞—Ç–º–æ—Å—Ñ–µ—Ä–Ω–æ–µ –º–µ—Å—Ç–æ –ø—Ä–∏—è—Ç–Ω–∞—è –º—É–∑—ã–∫–∞ –¥—É—à–µ–≤–Ω–∞—è –∞—Ç–º–æ—Å—Ñ–µ—Ä–∞,0.12875156659053655
32,"–ù–µ–ø–ª–æ—Ö–∞—è –∑–∞–¥—É–º–∫–∞ —Å roof palace, –Ω–æ —Ç–æ —á—Ç–æ —Ä–∞–±–æ—Ç–∞—é—Ç –¥–æ 22:00 –æ–≥—Ä–æ–º–Ω—ã–π –º–∏–Ω—É—Å, –Ω–µ –∑–Ω–∞—é –æ–±—Ä–∞–∑ –∂–∏–∑–Ω–∏ –∂–∏—Ç–µ–ª–µ–π –≥–æ—Ä–æ–¥–∞, –Ω–æ –º–Ω–µ, –∂–∏—Ç–µ–ª—é –°–µ–≤–µ—Ä–Ω–æ–π —Å—Ç–æ–ª–∏—Ü—ã –∏ –≥–æ—Å—Ç—é, –Ω–µ —Ö–≤–∞—Ç–∏–ª–æ –º–æ–º–µ–Ω—Ç–∞ –Ω–∞—Å–ª–∞–¥–∏—Ç—å—Å—è –≤–∏–¥–∞–º–∏ –Ω–æ—á–Ω–æ–≥–æ –ø–æ–±–µ—Ä–µ–∂—å—è –∏ –≤–æ–∑–º–æ–∂–Ω–æ—Å—Ç—å—é –≤—Å—Ç—Ä–µ—Ç–∏—Ç—å —Ä–∞—Å—Å–≤–µ—Ç —Å –¥–∞–Ω–Ω–æ–π –ø–ª–æ—â–∞–¥–∫–∏. –í—Å—Ç—Ä–µ—Ç–∏—Ç—å –∑–∞–∫–∞—Ç —Å –¥–∞–Ω–Ω–æ–π –ª–æ–∫–∞—Ü–∏–∏ -everyone should.",–Ω–µ–ø–ª–æ—Ö–∞—è –∑–∞–¥—É–º–∫–∞ —Ä–∞–±–æ—Ç–∞—é—Ç –æ–≥—Ä–æ–º–Ω—ã–π –º–∏–Ω—É—Å –∑–Ω–∞—é –æ–±—Ä–∞–∑ –∂–∏–∑–Ω–∏ –∂–∏—Ç–µ–ª–µ–π –≥–æ—Ä–æ–¥–∞ –∂–∏—Ç–µ–ª—é —Å–µ–≤–µ—Ä–Ω–æ–π —Å—Ç–æ–ª–∏—Ü—ã –≥–æ—Å—Ç—é —Ö–≤–∞—Ç–∏–ª–æ –º–æ–º–µ–Ω—Ç–∞ –Ω–∞—Å–ª–∞–¥–∏—Ç—å—Å—è –≤–∏–¥–∞–º–∏ –Ω–æ—á–Ω–æ–≥–æ –ø–æ–±–µ—Ä–µ–∂—å—è –≤–æ–∑–º–æ–∂–Ω–æ—Å—Ç—å—é –≤—Å—Ç—Ä–µ—Ç–∏—Ç—å —Ä–∞—Å—Å–≤–µ—Ç –¥–∞–Ω–Ω–æ–π –ø–ª–æ—â–∞–¥–∫–∏ –≤—Å—Ç—Ä–µ—Ç–∏—Ç—å –∑–∞–∫–∞—Ç –¥–∞–Ω–Ω–æ–π –ª–æ–∫–∞—Ü–∏–∏,0.26680124099064795
33,"–û—á–µ–Ω—å –∞—Ç–º–æ—Å—Ñ–µ—Ä–Ω–æ! –ú–Ω–æ–≥–æ –∑–∞–≤–µ–¥–µ–Ω–∏–π. –í–µ–∑–¥–µ —Ä–∞–∑–Ω–∞—è –º—É–∑—ã–∫–∞, –Ω–∞ –ª—é–±–æ–π –≤–∫—É—Å. –ù–µ –±–µ—Ä–∏—Ç–µ —Ç–µ–º–Ω–æ–µ –ø–∏–≤–æ, –æ—Ç–≤—Ä–∞—Ç.",–æ—á–µ–Ω—å –∞—Ç–º–æ—Å—Ñ–µ—Ä–Ω–æ –∑–∞–≤–µ–¥–µ–Ω–∏–π –≤–µ–∑–¥–µ —Ä–∞–∑–Ω–∞—è –º—É–∑—ã–∫–∞ –ª—é–±–æ–π –≤–∫—É—Å –±–µ—Ä–∏—Ç–µ —Ç–µ–º–Ω–æ–µ –ø–∏–≤–æ –æ—Ç–≤—Ä–∞—Ç,0.3080426574044395
34,"–° –Ω–µ–¥–∞–≤–Ω–µ–≥–æ –≤—Ä–µ–º–µ–Ω–∏ –ª—é–±–∏–º–æ–µ –º–µ—Å—Ç–æ –í–æ–ª–∂–∞–π–Ω–∞üòç
–ö—Ä—ã—à–∞ —Ç–æ–∂–µ —Ç–æ–ø!üëç",–Ω–µ–¥–∞–≤–Ω–µ–≥–æ –≤—Ä–µ–º–µ–Ω–∏ –ª—é–±–∏–º–æ–µ –º–µ—Å—Ç–æ –≤–æ–ª–∂–∞–π–Ω–∞ –∫—Ä—ã—à–∞ —Ç–æ–ø,0.2491834978130747
35,–ë–æ–º–±–∏—á–µ—Å–∫–∏ –¥—Ä–∞–π–≤–æ–≤–∞—è –∞—Ç–º–æ—Å—Ñ–µ—Ä–∞! –ü–æ–ª—É—á–∏–ª –Ω–µ–æ–±—ã—á–∞–π–Ω–æ–µ —É–¥–æ–≤–æ–ª—å—Å—Ç–≤–∏–µ –æ—Ç –ø–æ—Å–µ—â–µ–Ω–∏—è —ç—Ç–æ–≥–æ –∫–ª—É–±–∞. –ù–∞ –±—ã–≤—à–µ–π —Ç–µ—Ä—Ä–∏—Ç–æ—Ä–∏–∏ —Å—Ä–µ–¥–Ω–µ–≤–æ–ª–∂—Å–∫–æ–≥–æ —Å—Ç–∞–Ω–∫–æ—Å—Ç—Ä–æ–∏—Ç–µ–ª—å–Ω–æ–≥–æ –∑–∞–≤–æ–¥–∞,–±–æ–º–±–∏—á–µ—Å–∫–∏ –¥—Ä–∞–π–≤–æ–≤–∞—è –∞—Ç–º–æ—Å—Ñ–µ—Ä–∞ –ø–æ–ª—É—á–∏–ª –Ω–µ–æ–±—ã—á–∞–π–Ω–æ–µ —É–¥–æ–≤–æ–ª—å—Å—Ç–≤–∏–µ –ø–æ—Å–µ—â–µ–Ω–∏—è –∫–ª—É–±–∞ –±—ã–≤—à–µ–π —Ç–µ—Ä—Ä–∏—Ç–æ—Ä–∏–∏ —Å—Ä–µ–¥–Ω–µ–≤–æ–ª–∂—Å–∫–æ–≥–æ —Å—Ç–∞–Ω–∫–æ—Å—Ç—Ä–æ–∏—Ç–µ–ª—å–Ω–æ–≥–æ –∑–∞–≤–æ–¥–∞,0.1322920394024807
36,–ü—Ä–∏–∫–æ–ª—å–Ω–æ–µ –º–µ—Å—Ç–æ –º–æ–∂–Ω–æ —Å—Ö–æ–¥–∏—Ç—å –ø–æ —Ñ–æ—Ç–∫–∞—Ç—å—Å—è –ø–æ—Å–∏–¥–µ—Ç—å,–ø—Ä–∏–∫–æ–ª—å–Ω–æ–µ –º–µ—Å—Ç–æ —Å—Ö–æ–¥–∏—Ç—å —Ñ–æ—Ç–∫–∞—Ç—å—Å—è –ø–æ—Å–∏–¥–µ—Ç—å,0.24368102034100103
37,"–Ø –æ–∫–∞–∑–∞–ª–∞—Å—å –≤ –ø–æ–ª–Ω–æ–º –≤–æ—Å—Ç–æ—Ä–≥–µ! –ö–∞–∫ –¥–ª—è —Ç—É—Ä–∏—Å—Ç–∞ ‚Äî –º–µ—Å—Ç–æ –æ—á–µ–Ω—å –∏–Ω—Ç–µ—Ä–µ—Å–Ω–æ–µ, –µ—Å—Ç—å –Ω–µ—Å–∫–æ–ª—å–∫–æ –∫–∞—Ñ–µ—à–µ–∫, –º–Ω–æ–≥–æ –ª–æ–∫–∞—Ü–∏–π, —á—Ç–æ–±—ã —Å–¥–µ–ª–∞—Ç—å –∫–ª–∞—Å—Å–Ω—ã–µ —Ñ–æ—Ç–æ. –û—Å–æ–±–µ–Ω–Ω–æ –ø–æ–Ω—Ä–∞–≤–∏–ª—Å—è —Ñ–ª–æ—Ä–∏—Å—Ç–∏—á–µ—Å–∫–∏–π –º–∞–≥–∞–∑–∏–Ω, —Ä–∞—Å–ø–æ–ª–æ–∂–µ–Ω–Ω—ã–π –Ω–∞ —Ç–µ—Ä—Ä–∏—Ç–æ—Ä–∏–∏ –∫—É–ª—å—Ç—É—Ä–Ω–æ —Ü–µ–Ω—Ç—Ä–∞.",–æ–∫–∞–∑–∞–ª–∞—Å—å –ø–æ–ª–Ω–æ–º –≤–æ—Å—Ç–æ—Ä–≥–µ —Ç—É—Ä–∏—Å—Ç–∞ –º–µ—Å—Ç–æ –æ—á–µ–Ω—å –∏–Ω—Ç–µ—Ä–µ—Å–Ω–æ–µ –Ω–µ—Å–∫–æ–ª—å–∫–æ –∫–∞—Ñ–µ—à–µ–∫ –ª–æ–∫–∞—Ü–∏–π —Å–¥–µ–ª–∞—Ç—å –∫–ª–∞—Å—Å–Ω—ã–µ —Ñ–æ—Ç–æ –æ—Å–æ–±–µ–Ω–Ω–æ –ø–æ–Ω—Ä–∞–≤–∏–ª—Å—è —Ñ–ª–æ—Ä–∏—Å—Ç–∏—á–µ—Å–∫–∏–π –º–∞–≥–∞–∑–∏–Ω —Ä–∞—Å–ø–æ–ª–æ–∂–µ–Ω–Ω—ã–π —Ç–µ—Ä—Ä–∏—Ç–æ—Ä–∏–∏ –∫—É–ª—å—Ç—É—Ä–Ω–æ —Ü–µ–Ω—Ç—Ä–∞,0.1589178927102477
38,"–ò–Ω—Ç–µ—Ä–µ—Å–Ω–æ–µ —Å–æ–≤—Ä–µ–º–µ–Ω–Ω–æ–µ –º–µ—Å—Ç–æ. –ê—Ç–º–æ—Å—Ñ–µ—Ä–Ω—ã–µ –∑–∞–≤–µ–¥–µ–Ω–∏—è, –≤–Ω—É—Ç—Ä–µ–Ω–Ω–∏–π –¥–≤–æ—Ä–∏–∫, —à–∏–∫–∞—Ä–Ω—ã–π –≤–∏–¥ —Å –∫—Ä—ã—à–∏.",–∏–Ω—Ç–µ—Ä–µ—Å–Ω–æ–µ —Å–æ–≤—Ä–µ–º–µ–Ω–Ω–æ–µ –º–µ—Å—Ç–æ –∞—Ç–º–æ—Å—Ñ–µ—Ä–Ω—ã–µ –∑–∞–≤–µ–¥–µ–Ω–∏—è –≤–Ω—É—Ç—Ä–µ–Ω–Ω–∏–π –¥–≤–æ—Ä–∏–∫ —à–∏–∫–∞—Ä–Ω—ã–π –≤–∏–¥ –∫—Ä—ã—à–∏,0.10443895412389936
39,–ö–ª–∞—Å—Å–Ω–æ–µ —Ç—É—Å–æ–≤–æ—á–Ω–æ–µ  –º–µ—Å—Ç–æ,–∫–ª–∞—Å—Å–Ω–æ–µ —Ç—É—Å–æ–≤–æ—á–Ω–æ–µ –º–µ—Å—Ç–æ,0.09285025214620002
40,–ò–Ω—Ç–µ—Ä–µ—Å–Ω–æ–µ –º–µ—Å—Ç–æ,–∏–Ω—Ç–µ—Ä–µ—Å–Ω–æ–µ –º–µ—Å—Ç–æ,0.1634039661345822
41,"–ê—Ç–º–æ—Å—Ñ–µ—Ä–Ω–æ–µ —Ç—É—Å–æ–≤–æ—á–Ω–æ–µ –º–µ—Å—Ç–æ –≤ –°–∞–º–∞—Ä–µ, –æ–≥—Ä–æ–º–Ω–æ–µ –∫–æ–ª–∏—á–µ—Å—Ç–≤–æ –∑–Ω–∞–∫–æ–º—ã—Ö –ª—é–¥–µ–π. –í–µ—Å–µ–ª–æ, –º–æ–∂–Ω–æ –∑–∞—Ö–æ–¥–∏—Ç—å –∏–∑ –±–∞—Ä–∞ –≤ –±–∞—Ä, –ø–∏—Ç—å, —Ç–∞–Ω—Ü–µ–≤–∞—Ç—å, –æ–±—â–∞—Ç—å—Å—è. –î–æ—Å—Ç–∞—Ç–æ—á–Ω–æ –≥—Ä–æ–º–∫–æ, –Ω–æ —Ç–∞–∫ –∏ –¥–æ–ª–∂–Ω–æ –±—ã—Ç—å.",–∞—Ç–º–æ—Å—Ñ–µ—Ä–Ω–æ–µ —Ç—É—Å–æ–≤–æ—á–Ω–æ–µ –º–µ—Å—Ç–æ —Å–∞–º–∞—Ä–µ –æ–≥—Ä–æ–º–Ω–æ–µ –∫–æ–ª–∏—á–µ—Å—Ç–≤–æ –∑–Ω–∞–∫–æ–º—ã—Ö –ª—é–¥–µ–π –≤–µ—Å–µ–ª–æ –∑–∞—Ö–æ–¥–∏—Ç—å –±–∞—Ä–∞ –±–∞—Ä –ø–∏—Ç—å —Ç–∞–Ω—Ü–µ–≤–∞—Ç—å –æ–±—â–∞—Ç—å—Å—è –¥–æ—Å—Ç–∞—Ç–æ—á–Ω–æ –≥—Ä–æ–º–∫–æ –¥–æ–ª–∂–Ω–æ,0.1890970203167357
42,–û–±–æ–∂–∞—é —ç—Ç–æ –º–µ—Å—Ç–æ üòç–ø–æ—á—Ç–∏ –∫–∞–∂–¥—ã–π –≤—ã—Ö–æ–¥–Ω–æ–π —Ç–∞–º –æ—Ç–¥—ã—Ö–∞—é üçæ,–æ–±–æ–∂–∞—é —ç—Ç–æ –º–µ—Å—Ç–æ –∫–∞–∂–¥—ã–π –≤—ã—Ö–æ–¥–Ω–æ–π –æ—Ç–¥—ã—Ö–∞—é,0.0974277190981957
43,"–ü—Ä–∏—è—Ç–Ω–æ–µ —Å–∞–º–∞—Ä—Å–∫–æ–µ –∞—Ä—Ç –ø—Ä–æ—Å—Ç—Ä–∞–Ω—Å—Ç–≤–æ , –ø—Ä–µ–∫—Ä–∞—Å–Ω–æ –∏ –≤–µ—Å–µ–ª–æ –∏ –∫—Ä–∞—Å–∏–≤–æ –¥–ª—è –ª–µ—Ç–Ω–∏—Ö –≤–µ—á–µ—Ä–æ–≤. –ú–æ–∂–Ω–æ –Ω–∞–π—Ç–∏ –∑–∞–≤–µ–¥–µ–Ω–∏–µ , –∫—É—Ö–Ω—é , –∏ –ø—Ä–æ—á–µ–µ –ø–æ –¥—É—à–µ .",–ø—Ä–∏—è—Ç–Ω–æ–µ —Å–∞–º–∞—Ä—Å–∫–æ–µ –∞—Ä—Ç –ø—Ä–æ—Å—Ç—Ä–∞–Ω—Å—Ç–≤–æ –ø—Ä–µ–∫—Ä–∞—Å–Ω–æ –≤–µ—Å–µ–ª–æ –∫—Ä–∞—Å–∏–≤–æ –ª–µ—Ç–Ω–∏—Ö –≤–µ—á–µ—Ä–æ–≤ –Ω–∞–π—Ç–∏ –∑–∞–≤–µ–¥–µ–Ω–∏–µ –∫—É—Ö–Ω—é –ø—Ä–æ—á–µ–µ –¥—É—à–µ,0.04990121266345482
44,"–Ø—Ä–∫–æ–µ, –º–æ–¥–Ω–æ–µ –º–µ—Å—Ç–æ –¥–ª—è –ø–æ—Å–∏–¥–µ–ª–æ–∫ —Å –¥—Ä—É–∑—å—è–º–∏, —Ñ–æ—Ç–æ—Å–µ—Å—Å–∏–π –∏ –ø—Ä–æ—Å—Ç–æ –ø—Ä–æ–≤–µ—Å—Ç–∏ –≤—Ä–µ–º—è!",—è—Ä–∫–æ–µ –º–æ–¥–Ω–æ–µ –º–µ—Å—Ç–æ –ø–æ—Å–∏–¥–µ–ª–æ–∫ –¥—Ä—É–∑—å—è–º–∏ —Ñ–æ—Ç–æ—Å–µ—Å—Å–∏–π –ø—Ä–æ—Å—Ç–æ –ø—Ä–æ–≤–µ—Å—Ç–∏ –≤—Ä–µ–º—è,0.1917751677383045
45,"–ò–Ω—Ç–µ—Ä–µ—Å–Ω–æ–µ –º–µ—Å—Ç–æ, –∏–Ω—Ç–µ—Ä–µ—Å–Ω–∞—è –∫–æ–Ω—Ü–µ–ø—Ü–∏—è –≤ —Å—Ç–∏–ª–µ –ª–æ—Ñ—Ç. –ò–∑ –º–∏–Ω—É—Å–æ–≤ –Ω–µ—Ç –ø–∞—Ä–∫–æ–≤–∫–∏, –∑–∞–±–ª–æ–∫–∏—Ä–æ–≤–∞–Ω –≤—ã—Ö–æ–¥ –Ω–∞ —Å–º–æ—Ç—Ä–æ–≤—É—é –ø–ª–æ—â–∞–¥–∫—É, –∫–æ—Ç–æ—Ä–∞—è –º–æ–≥–ª–∞ –±—ã –±—ã—Ç—å —è–∫–æ—Ä–µ–º –¥–ª—è –ø–æ—Å–µ—Ç–∏—Ç–µ–ª–µ–π.",–∏–Ω—Ç–µ—Ä–µ—Å–Ω–æ–µ –º–µ—Å—Ç–æ –∏–Ω—Ç–µ—Ä–µ—Å–Ω–∞—è –∫–æ–Ω—Ü–µ–ø—Ü–∏—è —Å—Ç–∏–ª–µ –ª–æ—Ñ—Ç –º–∏–Ω—É—Å–æ–≤ –ø–∞—Ä–∫–æ–≤–∫–∏ –∑–∞–±–ª–æ–∫–∏—Ä–æ–≤–∞–Ω –≤—ã—Ö–æ–¥ —Å–º–æ—Ç—Ä–æ–≤—É—é –ø–ª–æ—â–∞–¥–∫—É –∫–æ—Ç–æ—Ä–∞—è –º–æ–≥–ª–∞ —è–∫–æ—Ä–µ–º –ø–æ—Å–µ—Ç–∏—Ç–µ–ª–µ–π,0.1678295608580226
46,"–û—Ç–ª–∏—á–Ω–æ–µ –¥–≤–∏–∂–æ–≤–æ–µ –º–µ—Å—Ç–æ üî• —Ö–æ–¥–∏–º —Å—é–¥–∞ —Ç–æ–ª—å–∫–æ –≤ —Ä–µ—Å—Ç–æ—Ä–∞–Ω—ã –∏–ª–∏ –±–∞—Ä—ã, –≤—Å—ë –æ—á–µ–Ω—å –Ω—Ä–∞–≤–∏—Ç—Å—è! –í–µ—á–µ—Ä–æ–º —Å –ø—è—Ç–Ω–∏—Ü—ã –ø–æ –≤–æ—Å–∫—Ä–µ—Å–µ–Ω—å–µ —Ç—É—Ç –æ—á–µ–Ω—å –ö—Ä—É—Ç–∞—è –∞—Ç–º–æ—Å—Ñ–µ—Ä–∞! –ù–µ –±—ã–ª–∏ –µ—â–µ –Ω–∞ –∫—Ä—ã—à–µ, –Ω–æ —Å–∫–æ—Ä–æ –∏—Å–ø—Ä–∞–≤–∏–º —ç—Ç–æ))",–æ—Ç–ª–∏—á–Ω–æ–µ –¥–≤–∏–∂–æ–≤–æ–µ –º–µ—Å—Ç–æ —Ö–æ–¥–∏–º —Å—é–¥–∞ —Ä–µ—Å—Ç–æ—Ä–∞–Ω—ã –±–∞—Ä—ã –≤—Å—ë –æ—á–µ–Ω—å –Ω—Ä–∞–≤–∏—Ç—Å—è –≤–µ—á–µ—Ä–æ–º –ø—è—Ç–Ω–∏—Ü—ã –≤–æ—Å–∫—Ä–µ—Å–µ–Ω—å–µ –æ—á–µ–Ω—å –∫—Ä—É—Ç–∞—è –∞—Ç–º–æ—Å—Ñ–µ—Ä–∞ –∫—Ä—ã—à–µ —Å–∫–æ—Ä–æ –∏—Å–ø—Ä–∞–≤–∏–º —ç—Ç–æ,0.11118105476588935
47,"–û—á–µ–Ω—å –ø—Ä–∏—è—Ç–Ω–æ–µ –º–µ—Å—Ç–æ –≤ –°–∞–º–∞—Ä–µ, —Å –∫–ª–∞—Å—Å–Ω—ã–º–∏ –º–∞–≥–∞–∑–∏–Ω–∞–º–∏ –∏ –æ–±—â–µ–π –∫–æ–Ω—Ü–µ–ø—Ü–∏–µ–π.",–æ—á–µ–Ω—å –ø—Ä–∏—è—Ç–Ω–æ–µ –º–µ—Å—Ç–æ —Å–∞–º–∞—Ä–µ –∫–ª–∞—Å—Å–Ω—ã–º–∏ –º–∞–≥–∞–∑–∏–Ω–∞–º–∏ –æ–±—â–µ–π –∫–æ–Ω—Ü–µ–ø—Ü–∏–µ–π,0.39850437666355953
48,–°–º–æ—Ç—Ä–æ–≤—ã–µ –ø–ª–æ—â–∞–¥–∫–∏ –ø—Ä–æ—Å—Ç–æ  –≤–µ–ª–∏–∫–æ–ª–µ–ø–Ω—ã–µ. –í–∏–¥—ã –∑–∞–≤–æ—Ä–∞–∂–∏–≤–∞—é—â–∏–µ.,—Å–º–æ—Ç—Ä–æ–≤—ã–µ –ø–ª–æ—â–∞–¥–∫–∏ –ø—Ä–æ—Å—Ç–æ –≤–µ–ª–∏–∫–æ–ª–µ–ø–Ω—ã–µ –≤–∏–¥—ã –∑–∞–≤–æ—Ä–∞–∂–∏–≤–∞—é—â–∏–µ,0.2269055691991706
49,–ê—Ç–º–æ—Å—Ñ–µ—Ä–Ω–æ–µ –º–µ—Å—Ç–æ! –ê –≤–∏–¥ —Å –∫—Ä—ã—à–∏ - —ç—Ç–æ –Ω–∞–¥–æ –≤–∏–¥–µ—Ç—å!,–∞—Ç–º–æ—Å—Ñ–µ—Ä–Ω–æ–µ –º–µ—Å—Ç–æ –≤–∏–¥ –∫—Ä—ã—à–∏ —ç—Ç–æ –≤–∏–¥–µ—Ç—å,0.16212958793107834
50,–û–±–∞–ª–¥–µ–Ω–Ω–æ–µ –º–µ—Å—Ç–æ,–æ–±–∞–ª–¥–µ–Ω–Ω–æ–µ –º–µ—Å—Ç–æ,0.2784348029047191
51,–•–æ—Ä–æ—à–µ–µ –º–µ—Å—Ç–æ. –ò–Ω—Ç–µ—Ä–µ—Å–Ω—ã–µ –±–∞—Ä—ã. –û–¥–Ω–æ–∑–Ω–∞—á–Ω–æ —Å—Ç–æ–∏—Ç —Ç—É–¥–∞ —Å—Ö–æ–¥–∏—Ç—å –≤ –∫–∞–∂–¥–æ–µ –∑–∞–≤–µ–¥–µ–Ω–∏–µ. –ù—É –∞ –ø–æ—Ç–æ–º –ø–æ–π–¥—É—Ç —Ç–∞–Ω—Ü—ã) ,—Ö–æ—Ä–æ—à–µ–µ –º–µ—Å—Ç–æ –∏–Ω—Ç–µ—Ä–µ—Å–Ω—ã–µ –±–∞—Ä—ã –æ–¥–Ω–æ–∑–Ω–∞—á–Ω–æ —Å—Ç–æ–∏—Ç —Ç—É–¥–∞ —Å—Ö–æ–¥–∏—Ç—å –∫–∞–∂–¥–æ–µ –∑–∞–≤–µ–¥–µ–Ω–∏–µ –ø–æ–π–¥—É—Ç —Ç–∞–Ω—Ü—ã,0.15382826354408197
52,"–ú–Ω–æ–≥–æ –±–∞—Ä–æ–≤ –∏ —Ä–∞–∑–ª–∏—á–Ω—ã—Ö –¥—Ä—É–≥–∏—Ö —Ç–≤–æ—Ä—á–µ—Å–∫–∏—Ö –æ—Ä–≥–∞–Ω–∏–∑–∞—Ü–∏–π –Ω–∞ —Ç–µ—Ä—Ä–∏—Ç–æ—Ä–∏–∏ –°—Ç–∞–Ω–∫–æ–∑–∞–≤–æ–¥–∞. –õ—é–±–∏–º—ã–π —Å–∞–ª–æ–Ω –∫—Ä–∞—Å–æ—Ç—ã Beautytyaka –∏ –±–∏–±–ª–∏–æ—Ç–µ–∫–∞ –º–∞—Ç–µ—Ä–∏–∞–ª–æ–≤ –¥–ª—è –¥–∏–∑–∞–π–Ω–µ—Ä–æ–≤. –ú–æ–Ω–æ–±–∞—Ä –ü—Ä–æ—Ö–æ–¥–Ω–∞—è —Å –≤–∫—É—Å–Ω–µ–π—à–∏–º–∏ –Ω–∞—Å—Ç–æ–π–∫–∞–º–∏, –≥–¥–µ –∏–≥—Ä–∞—é—Ç –¥–∏–¥–∂–µ–∏ –≤ —Ç–æ–º —á–∏—Å–ª–µ –∏ —è dj Pandaüêº.",–±–∞—Ä–æ–≤ —Ä–∞–∑–ª–∏—á–Ω—ã—Ö –¥—Ä—É–≥–∏—Ö —Ç–≤–æ—Ä—á–µ—Å–∫–∏—Ö –æ—Ä–≥–∞–Ω–∏–∑–∞—Ü–∏–π —Ç–µ—Ä—Ä–∏—Ç–æ—Ä–∏–∏ —Å—Ç–∞–Ω–∫–æ–∑–∞–≤–æ–¥–∞ –ª—é–±–∏–º—ã–π —Å–∞–ª–æ–Ω –∫—Ä–∞—Å–æ—Ç—ã –±–∏–±–ª–∏–æ—Ç–µ–∫–∞ –º–∞—Ç–µ—Ä–∏–∞–ª–æ–≤ –¥–∏–∑–∞–π–Ω–µ—Ä–æ–≤ –º–æ–Ω–æ–±–∞—Ä –ø—Ä–æ—Ö–æ–¥–Ω–∞—è –≤–∫—É—Å–Ω–µ–π—à–∏–º–∏ –Ω–∞—Å—Ç–æ–π–∫–∞–º–∏ –∏–≥—Ä–∞—é—Ç –¥–∏–¥–∂–µ–∏ —á–∏—Å–ª–µ,0.38610693643354654
53,–û—Ç–ª–∏—á–Ω—ã–π —Ç–≤–æ—Ä—á–µ—Å–∫–∏–π –∫–ª–∞—Å—Ç–µ—Ä –≤ —Ü–µ–Ω—Ç—Ä–µ –≥–æ—Ä–æ–¥–∞. –í—Å–µ —á—Ç–æ –¥—É—à–µ —É–≥–æ–¥–Ω–æ –ø–æ–¥ –æ–¥–Ω–æ–π –∫—Ä—ã—à–µ–π!,–æ—Ç–ª–∏—á–Ω—ã–π —Ç–≤–æ—Ä—á–µ—Å–∫–∏–π –∫–ª–∞—Å—Ç–µ—Ä —Ü–µ–Ω—Ç—Ä–µ –≥–æ—Ä–æ–¥–∞ –¥—É—à–µ —É–≥–æ–¥–Ω–æ –æ–¥–Ω–æ–π –∫—Ä—ã—à–µ–π,0.1475524126458625
54,–ø–æ-–Ω–∞—Å—Ç–æ—è—â–µ–º—É –æ—Ü–µ–Ω–∏—Ç—å –∞—Ç–º–æ—Å—Ñ–µ—Ä—É —ç—Ç–æ–≥–æ –º–µ—Å—Ç–∞ –º–æ–∂–Ω–æ –≤ 4 —É—Ç—Ä–∞ - –ø–µ—Ä–µ–¥ —Ä–∞—Å—Å–≤–µ—Ç–æ–º –∑–¥–µ—Å—å –æ—Å–æ–±—ã–π —Å–∞–º–∞—Ä—Å–∫–∏–π –¥—É—Ö –∏ —Å–≤–µ–∂–∏–π –≤–µ—Ç–µ—Ä —Å –í–æ–ª–≥–∏ –ø–æ–¥ –ø—Ä–∏—è—Ç–Ω—É—é –º—É–∑—ã–∫—É,–Ω–∞—Å—Ç–æ—è—â–µ–º—É –æ—Ü–µ–Ω–∏—Ç—å –∞—Ç–º–æ—Å—Ñ–µ—Ä—É –º–µ—Å—Ç–∞ —É—Ç—Ä–∞ —Ä–∞—Å—Å–≤–µ—Ç–æ–º –æ—Å–æ–±—ã–π —Å–∞–º–∞—Ä—Å–∫–∏–π –¥—É—Ö —Å–≤–µ–∂–∏–π –≤–µ—Ç–µ—Ä –≤–æ–ª–≥–∏ –ø—Ä–∏—è—Ç–Ω—É—é –º—É–∑—ã–∫—É,0.2875204507961435
55,–ê—Ç–º–æ—Å—Ñ–µ—Ä–Ω–æ–µ –º–µ—Å—Ç–æ –¥–ª—è –æ—Ç–¥—ã—Ö–∞ –∏ –ø—Ä–æ–≤–µ–¥–µ–Ω–∏—è —Ñ–æ—Ç–æ—Å–µ—Å—Å–∏–π,–∞—Ç–º–æ—Å—Ñ–µ—Ä–Ω–æ–µ –º–µ—Å—Ç–æ –æ—Ç–¥—ã—Ö–∞ –ø—Ä–æ–≤–µ–¥–µ–Ω–∏—è —Ñ–æ—Ç–æ—Å–µ—Å—Å–∏–π,0.325147230628252
56,"–ö—Ä—É—Ç–æ, —á—Ç–æ –≤ –°–∞–º–∞—Ä–µ –ø–æ—è–≤–ª—è–µ—Ç—Å—è –≤—Å–µ –±–æ–ª—å—à–µ –ø—Ä–æ—Å—Ç—Ä–∞–Ω—Å—Ç–≤, –≥–¥–µ –º–æ–∂–Ω–æ –∏ –ø–æ–≤–µ—Å–µ–ª–∏—Ç—å—Å—è, –∏ –ø–æ–µ—Å—Ç—å, –∏ –ø–æ—Ä–∞–±–æ—Ç–∞—Ç—å. –ù—É, –µ—â—ë –∏ –∫—Ä–∞—Å–∏–≤–æ —Å—Ñ–æ—Ç–æ–≥—Ä–∞—Ñ–∏—Ä–æ–≤–∞—Ç—å—Å—è, –ø–æ—á–µ–º—É –±—ã –∏ –Ω–µ –¥–∞) –õ—é–±–ª—é –°—Ç–∞–Ω–∫–æ–∑–∞–≤–æ–¥ –∑–∞ —è—Ä–∫–æ—Å—Ç—å. –ó–¥–µ—Å—å –≤ –ª—é–±–æ–µ –≤—Ä–µ–º—è —Ö–æ—Ä–æ—à–æ! –ê –ª–µ—Ç–æ–º –µ—â—ë –º–æ–∂–Ω–æ –∫–ª–∞—Å—Å–Ω–æ –ø–æ—Å–∏–¥–µ—Ç—å –Ω–∞ –ª—é–±–æ–π –≤–µ—Ä–∞–Ω–¥–µ –∏ –∑–∞—Å—Ç–∞—Ç—å —Å–≤–µ—Ç –Ω–æ—á–Ω—ã—Ö —Ñ–æ–Ω–∞—Ä–∏–∫–æ–≤. –ù—Ä–∞–≤–∏—Ç—Å—è, —á—Ç–æ –Ω–∞—Ö–æ–¥–∏—Ç—Å—è –≤ —Ü–µ–Ω—Ç—Ä–µ. –û—Ç—Å—é–¥–∞ –ª–µ–≥–∫–æ —É–µ—Ö–∞—Ç—å –≤ –ª—é–±–æ–º –Ω–∞–ø—Ä–∞–≤–ª–µ–Ω–∏–∏ –∫–∞–∫ –Ω–∞ —Ç—Ä–∞–Ω—Å–ø–æ—Ä—Ç–µ, —Ç–∞–∫ –∏ –Ω–∞ –º–∞—à–∏–Ω–µ. –ü—Ä–∞–≤–¥–∞, –º–µ—Å—Ç–µ—á–∫–æ –¥–ª—è –ø–∞—Ä–∫–æ–≤–∫–∏ –ø—Ä–∏–¥—ë—Ç—Å—è –ø–æ–∏—Å–∫–∞—Ç—å, –æ—Å–æ–±–µ–Ω–Ω–æ –≤ –≤—ã—Ö–æ–¥–Ω—ã–µ –¥–Ω–∏. –°—é–¥–∞ –Ω—É–∂–Ω–æ –µ—Ö–∞—Ç—å, —á—Ç–æ–±—ã –ø–æ—á—É–≤—Å—Ç–≤–æ–≤–∞—Ç—å —ç—Ç–æ—Ç –Ω–µ—Å–ø–µ—à–Ω—ã–π —Å–∞–º–∞—Ä—Å–∫–∏–π —Ä–∏—Ç–º –∏ –ø—Ä–æ—Å—Ç–æ –≤—ã–¥–æ—Ö–Ω—É—Ç—å –æ—Ç —Å—É–µ—Ç–ª–∏–≤—ã—Ö —É–ª–∏—Ü –≥–æ—Ä–æ–¥–∞.",–∫—Ä—É—Ç–æ —Å–∞–º–∞—Ä–µ –ø–æ—è–≤–ª—è–µ—Ç—Å—è –ø—Ä–æ—Å—Ç—Ä–∞–Ω—Å—Ç–≤ –ø–æ–≤–µ—Å–µ–ª–∏—Ç—å—Å—è –ø–æ–µ—Å—Ç—å –ø–æ—Ä–∞–±–æ—Ç–∞—Ç—å –µ—â—ë –∫—Ä–∞—Å–∏–≤–æ —Å—Ñ–æ—Ç–æ–≥—Ä–∞—Ñ–∏—Ä–æ–≤–∞—Ç—å—Å—è –ø–æ—á–µ–º—É –ª—é–±–ª—é —Å—Ç–∞–Ω–∫–æ–∑–∞–≤–æ–¥ —è—Ä–∫–æ—Å—Ç—å –ª—é–±–æ–µ –≤—Ä–µ–º—è –ª–µ—Ç–æ–º –µ—â—ë –∫–ª–∞—Å—Å–Ω–æ –ø–æ—Å–∏–¥–µ—Ç—å –ª—é–±–æ–π –≤–µ—Ä–∞–Ω–¥–µ –∑–∞—Å—Ç–∞—Ç—å —Å–≤–µ—Ç –Ω–æ—á–Ω—ã—Ö —Ñ–æ–Ω–∞—Ä–∏–∫–æ–≤ –Ω—Ä–∞–≤–∏—Ç—Å—è –Ω–∞—Ö–æ–¥–∏—Ç—Å—è —Ü–µ–Ω—Ç—Ä–µ –æ—Ç—Å—é–¥–∞ –ª–µ–≥–∫–æ —É–µ—Ö–∞—Ç—å –ª—é–±–æ–º –Ω–∞–ø—Ä–∞–≤–ª–µ–Ω–∏–∏ —Ç—Ä–∞–Ω—Å–ø–æ—Ä—Ç–µ –º–∞—à–∏–Ω–µ –ø—Ä–∞–≤–¥–∞ –º–µ—Å—Ç–µ—á–∫–æ –ø–∞—Ä–∫–æ–≤–∫–∏ –ø—Ä–∏–¥—ë—Ç—Å—è –ø–æ–∏—Å–∫–∞—Ç—å –æ—Å–æ–±–µ–Ω–Ω–æ –≤—ã—Ö–æ–¥–Ω—ã–µ –¥–Ω–∏ —Å—é–¥–∞ –Ω—É–∂–Ω–æ –µ—Ö–∞—Ç—å –ø–æ—á—É–≤—Å—Ç–≤–æ–≤–∞—Ç—å –Ω–µ—Å–ø–µ—à–Ω—ã–π —Å–∞–º–∞—Ä—Å–∫–∏–π —Ä–∏—Ç–º –ø—Ä–æ—Å—Ç–æ –≤—ã–¥–æ—Ö–Ω—É—Ç—å —Å—É–µ—Ç–ª–∏–≤—ã—Ö —É–ª–∏—Ü –≥–æ—Ä–æ–¥–∞,0.08754891059622893
57,"–í–∫—É—Å–∏–ª –≤—Å–µ –ø—Ä–µ–∏–º—É—â–µ—Å—Ç–≤–∞ –í–ú, –∏ –ø—Ä–µ–≤–∑–æ—à–µ–ª",–≤–∫—É—Å–∏–ª –ø—Ä–µ–∏–º—É—â–µ—Å—Ç–≤–∞ –≤–º –ø—Ä–µ–≤–∑–æ—à–µ–ª,0.40039517985133677
58,–ü—Ä–æ–≤–æ–¥–∏–ª –æ–¥–Ω—É –∏–∑ —Å–µ–∫—Ü–∏–π –ê—Ä—Ö–Ω–∞—Å–ª–µ–¥–∏—è 2023. –ú–µ—Å—Ç–æ –æ—á–µ–Ω—å –ø—Ä–æ–¥—É–º–∞–Ω–Ω–æ–µ –∏ –æ—Ç–ª–∏—á–Ω–æ —Ä–µ–≤–∏—Ç–∞–ª–∏–∑–∏—Ä–æ–≤–∞–Ω–Ω–æ–µ. –í–æ –≤–Ω—É—Ç—Ä–µ–Ω–Ω–µ–º –¥–≤–æ—Ä–µ –æ—Ç–ª–∏—á–Ω—ã–µ —Ä–µ—Å—Ç–æ—Ä–∞–Ω—á–∏–∫–∏ –Ω–∞ –ª—é–±–æ–π –≤–∫—É—Å. –†–µ–∫–æ–º–µ–Ω–¥—É—é,–ø—Ä–æ–≤–æ–¥–∏–ª –æ–¥–Ω—É —Å–µ–∫—Ü–∏–π –∞—Ä—Ö–Ω–∞—Å–ª–µ–¥–∏—è –º–µ—Å—Ç–æ –æ—á–µ–Ω—å –ø—Ä–æ–¥—É–º–∞–Ω–Ω–æ–µ –æ—Ç–ª–∏—á–Ω–æ —Ä–µ–≤–∏—Ç–∞–ª–∏–∑–∏—Ä–æ–≤–∞–Ω–Ω–æ–µ –≤–Ω—É—Ç—Ä–µ–Ω–Ω–µ–º –¥–≤–æ—Ä–µ –æ—Ç–ª–∏—á–Ω—ã–µ —Ä–µ—Å—Ç–æ—Ä–∞–Ω—á–∏–∫–∏ –ª—é–±–æ–π –≤–∫—É—Å —Ä–µ–∫–æ–º–µ–Ω–¥—É—é,0.052042364295194043
59,–£–ª–µ—Ç,—É–ª–µ—Ç,0.4609930674954531
60,"–û—Ç–ª–∏—á–Ω–æ–µ –∞—Ç–º–æ—Å—Ñ–µ—Ä–Ω–æ–µ –º–µ—Å—Ç–æ! –°—é–¥–∞ –º–æ–∂–Ω–æ —Ö–æ–¥–∏—Ç—å —Ö–æ—Ç—å –∫–∞–∂–¥—ã–π –¥–µ–Ω—å, –±—É–¥–µ—Ç –∏–Ω—Ç–µ—Ä–µ—Å–Ω–æ. –í–∫—É—Å–Ω–∞—è –µ–¥–∞ –∏ –ø—Ä–µ–∫—Ä–∞—Å–Ω—ã–µ –∑–∞–∫–∞—Ç—ã –Ω–∞ –∫—Ä—ã—à–µ. –ü–æ–Ω—Ä–∞–≤–∏–ª–∏—Å—å –≥–∞–ª–µ—Ä–µ–∏, –º–∞–≥–∞–∑–∏–Ω—á–∏–∫, –∫–∞—Ñ–µ, —É—é—Ç–Ω–æ.",–æ—Ç–ª–∏—á–Ω–æ–µ –∞—Ç–º–æ—Å—Ñ–µ—Ä–Ω–æ–µ –º–µ—Å—Ç–æ —Å—é–¥–∞ —Ö–æ–¥–∏—Ç—å –∫–∞–∂–¥—ã–π –¥–µ–Ω—å –∏–Ω—Ç–µ—Ä–µ—Å–Ω–æ –≤–∫—É—Å–Ω–∞—è –µ–¥–∞ –ø—Ä–µ–∫—Ä–∞—Å–Ω—ã–µ –∑–∞–∫–∞—Ç—ã –∫—Ä—ã—à–µ –ø–æ–Ω—Ä–∞–≤–∏–ª–∏—Å—å –≥–∞–ª–µ—Ä–µ–∏ –º–∞–≥–∞–∑–∏–Ω—á–∏–∫ –∫–∞—Ñ–µ —É—é—Ç–Ω–æ,0.09585942931879587
61,"–ü—Ä–µ–∫—Ä–∞—Å–Ω–æ–µ –ø—Ä–æ—Å—Ç—Ä–∞–Ω—Å—Ç–≤–æ, –¥–ª—è –∫–∞–∂–¥–æ–≥–æ –ø–æ–¥–æ–π–¥–µ—Ç",–ø—Ä–µ–∫—Ä–∞—Å–Ω–æ–µ –ø—Ä–æ—Å—Ç—Ä–∞–Ω—Å—Ç–≤–æ –∫–∞–∂–¥–æ–≥–æ –ø–æ–¥–æ–π–¥–µ—Ç,0.05943886982777635
62,"–ö—Ä—É—Ç–∞—è –∫—Ä—ã—à–∞ –∏ –Ω–µ –º–µ–Ω–µ–µ –∫—Ä—É—Ç–æ–π –æ—Ç–∫—Ä—ã–≤–∞—é—â–∏–π—Å—è —Å –Ω–µ–µ –≤–∏–¥! –ù–∞ —Ç–µ—Ä—Ä–∏—Ç–æ—Ä–∏–∏ –Ω–µ—Å–∫–æ–ª—å–∫–æ –±–∞—Ä–æ–≤, –ª—é–¥–Ω–æ –≤ –≤—ã—Ö–æ–¥–Ω—ã–µ. –í —Ü–µ–ª–æ–º - —Ö–æ—Ä–æ—à–µ–µ –º–µ—Å—Ç–æ –¥–ª—è —Ç—Ä–∏–ø–∞ –ø–æ –±–∞—Ä–∞–º",–∫—Ä—É—Ç–∞—è –∫—Ä—ã—à–∞ –º–µ–Ω–µ–µ –∫—Ä—É—Ç–æ–π –æ—Ç–∫—Ä—ã–≤–∞—é—â–∏–π—Å—è –≤–∏–¥ —Ç–µ—Ä—Ä–∏—Ç–æ—Ä–∏–∏ –Ω–µ—Å–∫–æ–ª—å–∫–æ –±–∞—Ä–æ–≤ –ª—é–¥–Ω–æ –≤—ã—Ö–æ–¥–Ω—ã–µ —Ü–µ–ª–æ–º —Ö–æ—Ä–æ—à–µ–µ –º–µ—Å—Ç–æ —Ç—Ä–∏–ø–∞ –±–∞—Ä–∞–º,0.03851314720859622
63,–ö–ª–∞—Å—Å–Ω–∞—è –ª–æ–∫–∞—Ü–∏—è –≤—Å–µ –±–∞—Ä—ã –≤—Å–µ –∫—Ä—É—Ç–æ –º–æ–ª–æ–¥—Ü—ã,–∫–ª–∞—Å—Å–Ω–∞—è –ª–æ–∫–∞—Ü–∏—è –±–∞—Ä—ã –∫—Ä—É—Ç–æ –º–æ–ª–æ–¥—Ü—ã,0.05969520308167087
64,–ó–æ–∑–æ- —Ä–µ–∫–æ–º–µ–Ω–¥—É—é!!!!,–∑–æ–∑–æ —Ä–µ–∫–æ–º–µ–Ω–¥—É—é,0.10386504158173404
65,"–¢—É—Å–∞, —Ç—É—Å–∞, –ø—Ä–∞–∫—Ç–∏—á–µ—Å–∫–∏ –ü–∏—Ç–µ—Ä.",—Ç—É—Å–∞ —Ç—É—Å–∞ –ø—Ä–∞–∫—Ç–∏—á–µ—Å–∫–∏ –ø–∏—Ç–µ—Ä,0.366823949887497
66,"–ò–Ω—Ç–µ—Ä–µ—Å–Ω–æ–µ –º–µ—Å—Ç–æ. –ù–µ–±–æ–ª—å—à–∏–µ –∏ —É—é—Ç–Ω—ã–µ –∫–∞—Ñ–µ. –ï—â–µ –ø–æ–¥–Ω–∏–º–∞–ª–∞—Å—å –ø–æ –ª–µ—Å—Ç–Ω–∏—Ü–µ –Ω–∞ —Ç—Ä–µ—Ç–∏–π —ç—Ç–∞–∂ –¥–ª—è –æ–±–∑–æ—Ä–∞ –≥–æ—Ä–æ–¥–∞, —Ö–æ—Ä–æ—à–∏–π –≤–∏–¥ –Ω–∞ –≥–æ—Ä–æ–¥ –∏ –í–æ–ª–≥—É.",–∏–Ω—Ç–µ—Ä–µ—Å–Ω–æ–µ –º–µ—Å—Ç–æ –Ω–µ–±–æ–ª—å—à–∏–µ —É—é—Ç–Ω—ã–µ –∫–∞—Ñ–µ –ø–æ–¥–Ω–∏–º–∞–ª–∞—Å—å –ª–µ—Å—Ç–Ω–∏—Ü–µ —Ç—Ä–µ—Ç–∏–π —ç—Ç–∞–∂ –æ–±–∑–æ—Ä–∞ –≥–æ—Ä–æ–¥–∞ —Ö–æ—Ä–æ—à–∏–π –≤–∏–¥ –≥–æ—Ä–æ–¥ –≤–æ–ª–≥—É,0.16220177738956165
67,"–û—Ç–ª–∏—á–Ω–æ–µ –º–µ—Å—Ç–æ, –æ—á–µ–Ω—å —è—Ä–∫–æ,—Å—Ç–∏–ª—å–Ω–æ,–ø—Ä–∏ —ç—Ç–æ–º —Å—Ç—Ä–æ–µ–Ω–∏—è —Å –∏—Å—Ç–æ—Ä–∏–µ–π) –∏ –ø–∞—Ä—Ñ—é–º–±–∞—Ä —Ç—É—Ç,–∏ –≤–∞—Ä–∫–∞,–∏ –º–æ—Ä–µ–ø–æ–∫–æ–ª–µ–Ω–æ...–≤—Å–µ –≤–º–µ—Å—Ç–µ, –æ—Ç–ª–∏—á–Ω—ã–µ –∫–∞—Ñ–µ—à–∫–∏ –∏ –ª–æ–∫–∞—Ü–∏–∏
",–æ—Ç–ª–∏—á–Ω–æ–µ –º–µ—Å—Ç–æ –æ—á–µ–Ω—å —è—Ä–∫–æ —Å—Ç–∏–ª—å–Ω–æ —Å—Ç—Ä–æ–µ–Ω–∏—è –∏—Å—Ç–æ—Ä–∏–µ–π –ø–∞—Ä—Ñ—é–º–±–∞—Ä –≤–∞—Ä–∫–∞ –º–æ—Ä–µ–ø–æ–∫–æ–ª–µ–Ω–æ –≤–º–µ—Å—Ç–µ –æ—Ç–ª–∏—á–Ω—ã–µ –∫–∞—Ñ–µ—à–∫–∏ –ª–æ–∫–∞—Ü–∏–∏,0.1347523359498235
68,–•–æ—Ä–æ—à–µ–µ –ø—Ä–æ—Å—Ç—Ä–∞–Ω—Å—Ç–≤–æ —Å –º–∞—Å—Å–æ–π –∏–Ω—Ç–µ—Ä–µ—Å–Ω—ã—Ö –∑–∞–≤–µ–¥–µ–Ω–∏–π —Å –µ–¥–æ–π –∏ —Ç–∞–Ω—Ü–∞–º–∏.,—Ö–æ—Ä–æ—à–µ–µ –ø—Ä–æ—Å—Ç—Ä–∞–Ω—Å—Ç–≤–æ –º–∞—Å—Å–æ–π –∏–Ω—Ç–µ—Ä–µ—Å–Ω—ã—Ö –∑–∞–≤–µ–¥–µ–Ω–∏–π –µ–¥–æ–π —Ç–∞–Ω—Ü–∞–º–∏,0.3114104582909718
69,"–û—Ç–ª–∏—á–Ω–æ–µ –º–µ—Å—Ç–æ! –•–æ—Ä–æ—à–∞ –∏ –ª–æ–∫–∞—Ü–∏—è, –∏ –≤–æ–∑–º–æ–∂–Ω–æ—Å—Ç—å –ø–µ—Ä–µ–∫—É—Å–∏—Ç—å, –∏ –Ω–∞—Å–ª–∞–¥–∏—Ç—å—Å—è –ø–æ—Ç—Ä—è—Å–∞—é—â–∏–º –≤–∏–¥–æ–º –Ω–∞ –°—Ç—Ä—É–∫–æ–≤—Å–∫–∏–π —Å–∞–¥ –∏ –í–æ–ª–≥—É. –í–æ–æ–±—â–µ, –∞—Ç–º–æ—Å—Ñ–µ—Ä–Ω–æ–µ –º–µ—Å—Ç–æ! –î–æ—Ä–æ–≥–æ–≤–∞—Ç—ã–π –≤—Ö–æ–¥ –Ω–∞ –∫—Ä—ã—à—É, –µ—Å–ª–∏ —É—á–µ—Å—Ç—å, —á—Ç–æ –ø–æ–µ—Å—Ç—å —Ç–∞–º –ø—Ä–∞–∫—Ç–∏—á–µ—Å–∫–∏ –Ω–µ—á–µ–º: –ø–µ—Ä–µ–∫—É—Å –∏ –Ω–∞–ø–∏—Ç–∫–∏  –Ω–µ –¥–µ—à—ë–≤—ã–µ –∏ –∞—Å—Å–æ—Ä—Ç–∏–º–µ–Ω—Ç –º–∏–Ω–∏–º–∞–ª–∏—Å—Ç–∫–∏–π. –í–æ–∑–º–æ–∂–Ω–æ, –º—ã –±—ã–ª–∏ –≤ –Ω–µ—É–¥–∞—á–Ω–æ–µ –≤—Ä–µ–º—è. –ù–∞–¥–µ—é—Å—å, —Å–æ –≤—Ä–µ–º–µ–Ω–µ–º –Ω–∞ —Ç–µ—Ä—Ä–∏—Ç–æ—Ä–∏–∏ –°—Ç–∞–Ω–∫–æ–∑–∞–≤–æ–¥–∞ –æ—Ç–∫—Ä–æ—é—Ç—Å—è –∫–æ—Ñ–µ–π–Ω–∏, –±–∏—Å—Ç—Ä–æ –Ω–∞ —Ä–∞–∑–Ω—ã–π –≤–∫—É—Å –∏ –∫–æ—à–µ–ª—ë–∫. –¢–æ–≥–¥–∞ —Ü–µ–Ω—ã —ç—Ç–æ–º—É –æ–±—â–µ—Å—Ç–≤–µ–Ω–Ω–æ–º—É –ø—Ä–æ—Å—Ç—Ä–∞–Ω—Å—Ç–≤—É –Ω–µ –±—É–¥–µ—Ç.",–æ—Ç–ª–∏—á–Ω–æ–µ –º–µ—Å—Ç–æ —Ö–æ—Ä–æ—à–∞ –ª–æ–∫–∞—Ü–∏—è –≤–æ–∑–º–æ–∂–Ω–æ—Å—Ç—å –ø–µ—Ä–µ–∫—É—Å–∏—Ç—å –Ω–∞—Å–ª–∞–¥–∏—Ç—å—Å—è –ø–æ—Ç—Ä—è—Å–∞—é—â–∏–º –≤–∏–¥–æ–º —Å—Ç—Ä—É–∫–æ–≤—Å–∫–∏–π —Å–∞–¥ –≤–æ–ª–≥—É –≤–æ–æ–±—â–µ –∞—Ç–º–æ—Å—Ñ–µ—Ä–Ω–æ–µ –º–µ—Å—Ç–æ –¥–æ—Ä–æ–≥–æ–≤–∞—Ç—ã–π –≤—Ö–æ–¥ –∫—Ä—ã—à—É —É—á–µ—Å—Ç—å –ø–æ–µ—Å—Ç—å –ø—Ä–∞–∫—Ç–∏—á–µ—Å–∫–∏ –Ω–µ—á–µ–º –ø–µ—Ä–µ–∫—É—Å –Ω–∞–ø–∏—Ç–∫–∏ –¥–µ—à—ë–≤—ã–µ –∞—Å—Å–æ—Ä—Ç–∏–º–µ–Ω—Ç –º–∏–Ω–∏–º–∞–ª–∏—Å—Ç–∫–∏–π –≤–æ–∑–º–æ–∂–Ω–æ –Ω–µ—É–¥–∞—á–Ω–æ–µ –≤—Ä–µ–º—è –Ω–∞–¥–µ—é—Å—å –≤—Ä–µ–º–µ–Ω–µ–º —Ç–µ—Ä—Ä–∏—Ç–æ—Ä–∏–∏ —Å—Ç–∞–Ω–∫–æ–∑–∞–≤–æ–¥–∞ –æ—Ç–∫—Ä–æ—é—Ç—Å—è –∫–æ—Ñ–µ–π–Ω–∏ –±–∏—Å—Ç—Ä–æ —Ä–∞–∑–Ω—ã–π –≤–∫—É—Å –∫–æ—à–µ–ª—ë–∫ —Ü–µ–Ω—ã —ç—Ç–æ–º—É –æ–±—â–µ—Å—Ç–≤–µ–Ω–Ω–æ–º—É –ø—Ä–æ—Å—Ç—Ä–∞–Ω—Å—Ç–≤—É,0.14500566260936498
70,–õ—é–±–æ–ø—ã—Ç–Ω–æ–µ –º–µ—Å—Ç–æ ‚úÖ,–ª—é–±–æ–ø—ã—Ç–Ω–æ–µ –º–µ—Å—Ç–æ,0.23954528647980933
71,–í—Å—ë —Ö–æ—Ä–æ—à–æ –ø—Ä–æ–¥—É–º–∞–Ω–æ –∏ —Å–¥–µ–ª–∞–Ω–æ. –ú–Ω–µ –ø–æ–Ω—Ä–∞–≤–∏–ª–æ—Å—å.,–≤—Å—ë –ø—Ä–æ–¥—É–º–∞–Ω–æ —Å–¥–µ–ª–∞–Ω–æ –ø–æ–Ω—Ä–∞–≤–∏–ª–æ—Å—å,0.2797455551365259
72,"–ù–µ–±–æ–ª—å—à–æ–µ –º–µ—Å—Ç–æ , —Å–æ–±—Ä–∞–Ω–æ –º–Ω–æ–≥–æ —Ç–≤–æ—Ä—á–µ—Å—Ç–≤–∞",–Ω–µ–±–æ–ª—å—à–æ–µ –º–µ—Å—Ç–æ —Å–æ–±—Ä–∞–Ω–æ —Ç–≤–æ—Ä—á–µ—Å—Ç–≤–∞,0.2203347148327901
73,"–¢–∞–∫ —è –∏ –Ω–µ –ø–æ–Ω—è–ª–∞ –¥–ª—è —á–µ–≥–æ —ç—Ç–æ—Ç —Å—Ç–∞–Ω–∫–æ–∑–∞–≤–æ–¥, –Ω–æ —Å—Ç–∏–ª—å–Ω–æ, –∏–Ω—Ç–µ—Ä–µ—Å–Ω–æ",–ø–æ–Ω—è–ª–∞ —Å—Ç–∞–Ω–∫–æ–∑–∞–≤–æ–¥ —Å—Ç–∏–ª—å–Ω–æ –∏–Ω—Ç–µ—Ä–µ—Å–Ω–æ,0.1201069578130779
74,"–±—ã–ª —Ç—É—Ç –≤ –±–∞—Ä–µ, –Ω–µ–ø–ª–æ—Ö–æ",–±–∞—Ä–µ –Ω–µ–ø–ª–æ—Ö–æ,0.14389319964138614
75,–ö—Ä–∞—Å–∏–≤–æ–µ –º–µ—Å—Ç–æ),–∫—Ä–∞—Å–∏–≤–æ–µ –º–µ—Å—Ç–æ,0.18254938779708463
76,"–ö—Ä–∞—Å–∏–≤–æ–µ –∞—Ä—Ç –ø—Ä–æ—Å—Ç—Ä–∞–Ω—Å—Ç–≤–æ, —Å—Ç–∏–ª—å–Ω–æ, –ø—Ä–æ–º—ã—à–ª–µ–Ω–Ω—ã–µ –∞—Ä—Ö–∏—Ç–µ–∫—Ç—É—Ä–Ω—ã–µ —Ä–µ—à–µ–Ω–∏—è –≤ —è—Ä–∫–æ–π —Ä–∞—Å–∫—Ä–∞—Å–∫–µ, –º–∞–≥–∞–∑–∏–Ω—á–∏–∫–∏ –∏ –∫–∞—Ñ–µ, –æ—Å–æ–±–µ–Ω–Ω–æ –ª—é–±–∏–º –ø–∞—Ä—Ñ—é–º–±–∞—Ä) –Ω–∞–≤–µ—Ä–Ω—è–∫–∞ –µ—Å—Ç—å –º–Ω–æ–≥–æ –∏–Ω—Ç–µ—Ä–µ—Å–Ω–æ–≥–æ, –º–µ—Å—Ç–æ –µ—â—ë —Ä–∞–∑–≤–∏–≤–∞–µ—Ç—Å—è. –†—è–¥–æ–º –Ω–∞–±–µ—Ä–µ–∂–Ω–∞—è –∏ –°—Ç—Ä—É–∫–æ–≤—Å–∫–∏–π —Å–∞–¥, –º–Ω–æ–≥–æ –¥–æ—Å—Ç–æ–ø—Ä–∏–º–µ—á–∞—Ç–µ–ª—å–Ω–æ—Å—Ç–µ–π —Ä—è–¥–æ–º, –ö–æ—Å—Ç—ë–ª –Ω–∞–ø—Ä–∏–º–µ—Ä, –∫—Ä–∞—Å–∏–≤–æ–µ –∑–¥–∞–Ω–∏–µ) ",–∫—Ä–∞—Å–∏–≤–æ–µ –∞—Ä—Ç –ø—Ä–æ—Å—Ç—Ä–∞–Ω—Å—Ç–≤–æ —Å—Ç–∏–ª—å–Ω–æ –ø—Ä–æ–º—ã—à–ª–µ–Ω–Ω—ã–µ –∞—Ä—Ö–∏—Ç–µ–∫—Ç—É—Ä–Ω—ã–µ —Ä–µ—à–µ–Ω–∏—è —è—Ä–∫–æ–π —Ä–∞—Å–∫—Ä–∞—Å–∫–µ –º–∞–≥–∞–∑–∏–Ω—á–∏–∫–∏ –∫–∞—Ñ–µ –æ—Å–æ–±–µ–Ω–Ω–æ –ª—é–±–∏–º –ø–∞—Ä—Ñ—é–º–±–∞—Ä –Ω–∞–≤–µ—Ä–Ω—è–∫–∞ –∏–Ω—Ç–µ—Ä–µ—Å–Ω–æ–≥–æ –º–µ—Å—Ç–æ –µ—â—ë —Ä–∞–∑–≤–∏–≤–∞–µ—Ç—Å—è —Ä—è–¥–æ–º –Ω–∞–±–µ—Ä–µ–∂–Ω–∞—è —Å—Ç—Ä—É–∫–æ–≤—Å–∫–∏–π —Å–∞–¥ –¥–æ—Å—Ç–æ–ø—Ä–∏–º–µ—á–∞—Ç–µ–ª—å–Ω–æ—Å—Ç–µ–π —Ä—è–¥–æ–º –∫–æ—Å—Ç—ë–ª –Ω–∞–ø—Ä–∏–º–µ—Ä –∫—Ä–∞—Å–∏–≤–æ–µ –∑–¥–∞–Ω–∏–µ,0.12154008826427065
77,–°–æ–≤—Ä–µ–º–µ–Ω–Ω–æ–µ –ø—Ä–æ—Å—Ç—Ä–∞–Ω—Å—Ç–≤–æ –≤ —Ü–µ–Ω—Ç—Ä–µ –≥–æ—Ä–æ–¥–∞,—Å–æ–≤—Ä–µ–º–µ–Ω–Ω–æ–µ –ø—Ä–æ—Å—Ç—Ä–∞–Ω—Å—Ç–≤–æ —Ü–µ–Ω—Ç—Ä–µ –≥–æ—Ä–æ–¥–∞,0.23766666490412414
78,"–ò–Ω—Ç–µ—Ä–µ—Å–Ω–æ–µ –º–µ—Å—Ç–æ , –æ—á–µ–Ω—å –¥–∞–∂–µ 
–î–∏–¥–∂–µ–∏ , –º—É–∑—ã–∫–∞ , –º–æ–∂–Ω–æ –ø–æ–ø–∏—Ç—å –∫–æ—Ñ–µ –∏ –¥–∞–∂–µ –±–æ–ª–µ–µ , —à–æ–ø–ø–∏–Ω–≥ , –≤–∏–¥ —Å –≤–µ—Ä—Ö–Ω–µ–π –ø–∞–ª—É–±—ã —Ç–∞–∫ —Å–∫–∞–∂–µ–º , —Ç–æ–∂–µ 
–ù–∞–¥–µ—é—Å—å –≤–µ—Ä—Ö–Ω–∏–π —ç—Ç–∞–∂ —Å–∫–æ—Ä–æ –±—É–¥–µ—Ç –æ—Ç–∫—Ä—ã—Ç –ø–æ–ª–Ω–æ—Å—Ç—å—é",–∏–Ω—Ç–µ—Ä–µ—Å–Ω–æ–µ –º–µ—Å—Ç–æ –æ—á–µ–Ω—å –¥–∏–¥–∂–µ–∏ –º—É–∑—ã–∫–∞ –ø–æ–ø–∏—Ç—å –∫–æ—Ñ–µ —à–æ–ø–ø–∏–Ω–≥ –≤–∏–¥ –≤–µ—Ä—Ö–Ω–µ–π –ø–∞–ª—É–±—ã —Å–∫–∞–∂–µ–º –Ω–∞–¥–µ—é—Å—å –≤–µ—Ä—Ö–Ω–∏–π —ç—Ç–∞–∂ —Å–∫–æ—Ä–æ –æ—Ç–∫—Ä—ã—Ç –ø–æ–ª–Ω–æ—Å—Ç—å—é,0.0940387345750412
79,–ü—Ä–∏—è—Ç–Ω–æ–µ –º–µ—Å—Ç–æ –≤ —Ü–µ–Ω—Ç—Ä–µ –≥–æ—Ä–æ–¥–∞. –° —Ä–∞–∑–Ω–æ–æ–±—Ä–∞–∑–Ω—ã–º–∏ –∑–∞–≤–µ–¥–µ–Ω–∏—è–º –Ω–∞ –ª—é–±–æ–π –≤–∫—É—Å.,–ø—Ä–∏—è—Ç–Ω–æ–µ –º–µ—Å—Ç–æ —Ü–µ–Ω—Ç—Ä–µ –≥–æ—Ä–æ–¥–∞ —Ä–∞–∑–Ω–æ–æ–±—Ä–∞–∑–Ω—ã–º–∏ –∑–∞–≤–µ–¥–µ–Ω–∏—è–º –ª—é–±–æ–π –≤–∫—É—Å,0.07463574988771193
80,"–ò–Ω—Ç–µ—Ä–µ—Å–Ω–æ–µ, –∞—Ç–º–æ—Å—Ñ–µ—Ä–Ω–æ–µ –º–µ—Å—Ç–æ. –í –∫–∞—Ñ–µ –æ—á–µ–Ω—å –≤–∫—É—Å–Ω–∞—è –ø–∏—Ü—Ü–∞.",–∏–Ω—Ç–µ—Ä–µ—Å–Ω–æ–µ –∞—Ç–º–æ—Å—Ñ–µ—Ä–Ω–æ–µ –º–µ—Å—Ç–æ –∫–∞—Ñ–µ –æ—á–µ–Ω—å –≤–∫—É—Å–Ω–∞—è –ø–∏—Ü—Ü–∞,0.15705879862826255
81,"–ú–Ω–æ–≥–æ –∏–Ω—Ç–µ—Ä–µ—Å–Ω–æ–≥–æ . –ú–∞–≥–∞–∑–∏–Ω—á–∏–∫–∏ , –∫–∞—Ñ–µ. –°–∫–æ—Ä–æ –æ—Ç–∫—Ä–æ–µ—Ç—Å—è –∫—Ä—ã—à–∞ .",–∏–Ω—Ç–µ—Ä–µ—Å–Ω–æ–≥–æ –º–∞–≥–∞–∑–∏–Ω—á–∏–∫–∏ –∫–∞—Ñ–µ —Å–∫–æ—Ä–æ –æ—Ç–∫—Ä–æ–µ—Ç—Å—è –∫—Ä—ã—à–∞,0.4609930674954531
82,–û—á–µ–Ω—å –°—Ç–∏–ª—å–Ω–æ...,–æ—á–µ–Ω—å —Å—Ç–∏–ª—å–Ω–æ,0.25739539416810153
83,"–ü–æ—Å–µ—Ç–∏–ª–∞ –≤—ã—Å—Ç–∞–≤–∫—É –ù–∞–¥–∏ –ö–æ–≤–±—ã 8 –∫–æ–º–Ω–∞—Ç. –û—á–µ–Ω—å –Ω–µ–æ–±—ã—á–Ω–æ! –í–ø–µ—á–∞—Ç–ª–µ–Ω–∏–π –º–∞—Å—Å–∞. –†–µ–∫–æ–º–µ–Ω–¥—É—é –∫ –ø–æ—Å–µ—â–µ–Ω–∏—é. –§–æ—Ä–º–∞—Ç —Ü–µ–Ω—Ç—Ä–∞ - –∫—Ä–µ–∞—Ç–∏–≤–Ω—ã–π, —Å—Ç–∏–ª—å–Ω—ã–π. –°—Ç–æ–∏—Ç –ø–æ—Å–º–æ—Ç—Ä–µ—Ç—å.",–ø–æ—Å–µ—Ç–∏–ª–∞ –≤—ã—Å—Ç–∞–≤–∫—É –Ω–∞–¥–∏ –∫–æ–≤–±—ã –∫–æ–º–Ω–∞—Ç –æ—á–µ–Ω—å –Ω–µ–æ–±—ã—á–Ω–æ –≤–ø–µ—á–∞—Ç–ª–µ–Ω–∏–π –º–∞—Å—Å–∞ —Ä–µ–∫–æ–º–µ–Ω–¥—É—é –ø–æ—Å–µ—â–µ–Ω–∏—é —Ñ–æ—Ä–º–∞—Ç —Ü–µ–Ω—Ç—Ä–∞ –∫—Ä–µ–∞—Ç–∏–≤–Ω—ã–π —Å—Ç–∏–ª—å–Ω—ã–π —Å—Ç–æ–∏—Ç –ø–æ—Å–º–æ—Ç—Ä–µ—Ç—å,0.13856018841233797
84,"–ü—Ä–∏—Ö–æ–¥–∏—Ç–µ –ª—é–¥–∏ –Ω–∞ –°—Ç–∞–Ω–∫–æ–∑–∞–≤–æ–¥. –≠—Ç–æ —Å–æ–≤–µ—Ä—à–µ–Ω–Ω–æ –Ω–æ–≤–∞—è –∏ —Å–≤–µ–∂–∞—è –∫–æ–ª–ª–∞–±–æ—Ä–∞—Ü–∏—è –ø—Ä–æ—Å—Ç—Ä–∞–Ω—Å—Ç–≤ –∏—Å–∫—É—Å—Å—Ç–≤–∞, —Ç–æ—Ä–≥–æ–≤–ª–∏, –æ–±—â–µ–ø–∏—Ç–∞! –ò –∫–∞–∫ —É –∫–∞–∂–¥–æ–≥–æ –∑–∞–≤–æ–¥–∞ —É –°—Ç–∞–Ω–∫–æ–∑–∞–≤–æ–¥–∞ –∏–º–µ–µ—Ç—Å—è —Å–æ–±—Å—Ç–≤–µ–Ω–Ω–∞—è –ø—Ä–æ—Ö–æ–¥–Ω–∞—è - –ú–æ–Ω–æ –ë–∞—Ä –ü—Ä–æ—Ö–æ–¥–Ω–∞—è! –ù–µ –≤–∞–∂–Ω–æ –∏—â–µ—Ç–µ –ª–∏ –í—ã –ª–∞–±–æ—Ä–∞—Ç–æ—Ä–∏—é –º–∞—Ç–µ—Ä–∏–∞–ª–æ–≤ –¥–≤–∏–≥–∞—è—Å—å –Ω–∞ –¥–µ–ª–æ–≤—É—é –≤—Å—Ç—Ä–µ—á—É —Å –¥–∏–∑–∞–π–Ω–µ—Ä–æ–º –∏–ª–∏ –∏–¥–µ—Ç–µ –Ω–∞ –≤—Å—Ç—Ä–µ—á—É —Å –¥–µ–≤—É—à–∫–æ–π/–ø–∞—Ä–Ω–µ–º –≤ –ó–û–ó–û –∏–ª–∏ –º–æ–∂–µ—Ç –≤—ã –ø—Ä–∏—à–ª–∏ –Ω–∞ —Ä—ç–π–≤ –≤ –ö—É–π–±—ã—à–µ–≤ –∏–ª–∏ –Ω–∞ –¥–∏—Å–∫–æ—Ç–µ–∫—É –≤ –í–æ–ª–∂–∞–π–Ω–µ‚Ä¶ –∑–∞—Ö–æ–¥–∏—Ç–µ –æ—Ç–º–µ—Ç–∏—Ç—Å—è –Ω–∞ –≤—Ö–æ–¥–µ –Ω–∞ –∑–∞–≤–æ–¥—Å–∫—É—é –ü—Ä–æ—Ö–æ–¥–Ω—É—é. –î–∞ –∏ –Ω–∞ –≤—ã—Ö–æ–¥–µ —Ç–æ–∂–µ.  –ó–¥–µ—Å—å –∏–º–µ–µ—Ç—Å—è –ë—É–∫–≤–∞—Ä—å –Ω–∞—Å—Ç–æ–µ–∫. –ò –í–∞—à–µ –∏–º—è –º–æ–≥—É—Ç —Å–æ–±—Ä–∞—Ç—å –ø–æ –±—É–∫–≤–∞–º –∏–∑ –Ω–∞—Å—Ç–æ–µ–∫ —Ä–∞–∑–Ω—ã—Ö –≤–∫—É—Å–æ–≤, –¥–∞–∂–µ –µ—Å–ª–∏ –í–∞—Å –∑–æ–≤—É—Ç –ê–±–¥—É—Ä–∞—Ö–º–∞–Ω–≥–∞–¥–∂–∏!",–ø—Ä–∏—Ö–æ–¥–∏—Ç–µ –ª—é–¥–∏ —Å—Ç–∞–Ω–∫–æ–∑–∞–≤–æ–¥ —ç—Ç–æ —Å–æ–≤–µ—Ä—à–µ–Ω–Ω–æ –Ω–æ–≤–∞—è —Å–≤–µ–∂–∞—è –∫–æ–ª–ª–∞–±–æ—Ä–∞—Ü–∏—è –ø—Ä–æ—Å—Ç—Ä–∞–Ω—Å—Ç–≤ –∏—Å–∫—É—Å—Å—Ç–≤–∞ —Ç–æ—Ä–≥–æ–≤–ª–∏ –æ–±—â–µ–ø–∏—Ç–∞ –∫–∞–∂–¥–æ–≥–æ –∑–∞–≤–æ–¥–∞ —Å—Ç–∞–Ω–∫–æ–∑–∞–≤–æ–¥–∞ –∏–º–µ–µ—Ç—Å—è —Å–æ–±—Å—Ç–≤–µ–Ω–Ω–∞—è –ø—Ä–æ—Ö–æ–¥–Ω–∞—è –º–æ–Ω–æ –±–∞—Ä –ø—Ä–æ—Ö–æ–¥–Ω–∞—è –≤–∞–∂–Ω–æ –∏—â–µ—Ç–µ –ª–∞–±–æ—Ä–∞—Ç–æ—Ä–∏—é –º–∞—Ç–µ—Ä–∏–∞–ª–æ–≤ –¥–≤–∏–≥–∞—è—Å—å –¥–µ–ª–æ–≤—É—é –≤—Å—Ç—Ä–µ—á—É –¥–∏–∑–∞–π–Ω–µ—Ä–æ–º –∏–¥–µ—Ç–µ –≤—Å—Ç—Ä–µ—á—É –¥–µ–≤—É—à–∫–æ–π –ø–∞—Ä–Ω–µ–º –∑–æ–∑–æ –ø—Ä–∏—à–ª–∏ —Ä—ç–π–≤ –∫—É–π–±—ã—à–µ–≤ –¥–∏—Å–∫–æ—Ç–µ–∫—É –≤–æ–ª–∂–∞–π–Ω–µ –∑–∞—Ö–æ–¥–∏—Ç–µ –æ—Ç–º–µ—Ç–∏—Ç—Å—è –≤—Ö–æ–¥–µ –∑–∞–≤–æ–¥—Å–∫—É—é –ø—Ä–æ—Ö–æ–¥–Ω—É—é –≤—ã—Ö–æ–¥–µ –∏–º–µ–µ—Ç—Å—è –±—É–∫–≤–∞—Ä—å –Ω–∞—Å—Ç–æ–µ–∫ –≤–∞—à–µ –∏–º—è –º–æ–≥—É—Ç —Å–æ–±—Ä–∞—Ç—å –±—É–∫–≤–∞–º –Ω–∞—Å—Ç–æ–µ–∫ —Ä–∞–∑–Ω—ã—Ö –≤–∫—É—Å–æ–≤ –∑–æ–≤—É—Ç –∞–±–¥—É—Ä–∞—Ö–º–∞–Ω–≥–∞–¥–∂–∏,0.14702726245475894
85,–•–æ—Ä–æ—à–µ–µ –Ω–æ–≤–æ–µ –∞—Ä—Ç –ø—Ä–æ—Å—Ç—Ä–∞–Ω—Å—Ç–≤–æ!,—Ö–æ—Ä–æ—à–µ–µ –Ω–æ–≤–æ–µ –∞—Ä—Ç –ø—Ä–æ—Å—Ç—Ä–∞–Ω—Å—Ç–≤–æ,0.07923750016354114
86,–ú–Ω–æ–≥–æ –∏–Ω—Ç–µ—Ä–µ—Å–Ω—ã—Ö –ø—Ä–æ—Å—Ç—Ä–∞–Ω—Å—Ç–≤,–∏–Ω—Ç–µ—Ä–µ—Å–Ω—ã—Ö –ø—Ä–æ—Å—Ç—Ä–∞–Ω—Å—Ç–≤,0.4609930674954531
87,–°—É–ø–µ—Ä –ø—Ä–æ—Å—Ç—Ä–∞–Ω—Å—Ç–≤–æ. –°–ø–∞—Å–∏–±–æ –∞–≤—Ç–æ—Ä–∞–º. ,—Å—É–ø–µ—Ä –ø—Ä–æ—Å—Ç—Ä–∞–Ω—Å—Ç–≤–æ —Å–ø–∞—Å–∏–±–æ –∞–≤—Ç–æ—Ä–∞–º,0.06875902549812207
88,"–ê—Ç–º–æ—Å—Ñ–µ—Ä–Ω–æ–µ –º–µ—Å—Ç–æ! –†–µ–∫–æ–º–µ–Ω–¥—É—é –∫ –ø–æ–º–µ—â–µ–Ω–∏—é!
",–∞—Ç–º–æ—Å—Ñ–µ—Ä–Ω–æ–µ –º–µ—Å—Ç–æ —Ä–µ–∫–æ–º–µ–Ω–¥—É—é –ø–æ–º–µ—â–µ–Ω–∏—é,0.08480877891043315
89,–û—á–µ–Ω—å –∫—Ä—É—Ç–æ–µ –º–µ—Å—Ç–æ!,–æ—á–µ–Ω—å –∫—Ä—É—Ç–æ–µ –º–µ—Å—Ç–æ,0.2869601382820801
90,"–°–≤–µ–∂–µ–µ –º–æ–ª–æ–¥–µ–∂–Ω–æ–µ –ø—Ä–æ—Å—Ç—Ä–∞–Ω—Å—Ç–≤–æ, –Ω–∞ —Ç–µ—Ä—Ä–∏—Ç–æ—Ä–∏–∏ –∫–æ—Ç–æ—Ä–æ–π —Ä–∞—Å–ø–æ–ª–æ–∂–µ–Ω–æ –º–Ω–æ–∂–µ—Å—Ç–≤–æ –º–∞–≥–∞–∑–∏–Ω—á–∏–∫–æ–≤ —Ä–∞–∑–ª–∏—á–Ω—ã—Ö –Ω–∞–ø—Ä–∞–≤–ª–µ–Ω–∏–π",—Å–≤–µ–∂–µ–µ –º–æ–ª–æ–¥–µ–∂–Ω–æ–µ –ø—Ä–æ—Å—Ç—Ä–∞–Ω—Å—Ç–≤–æ —Ç–µ—Ä—Ä–∏—Ç–æ—Ä–∏–∏ –∫–æ—Ç–æ—Ä–æ–π —Ä–∞—Å–ø–æ–ª–æ–∂–µ–Ω–æ –º–Ω–æ–∂–µ—Å—Ç–≤–æ –º–∞–≥–∞–∑–∏–Ω—á–∏–∫–æ–≤ —Ä–∞–∑–ª–∏—á–Ω—ã—Ö –Ω–∞–ø—Ä–∞–≤–ª–µ–Ω–∏–π,0.40606544643585807
91,"–û—á–µ–Ω—å –∞—Ç–º–æ—Å—Ñ–µ—Ä–Ω–æ–µ –º–µ—Å—Ç–æ, –¥–ª—è —Ñ–æ—Ç–æ—á–µ–∫, –∫–∞–∫–∏—Ö-—Ç–æ –Ω–µ–æ–±—ã—á–Ω—ã—Ö –ø–æ–∫—É–ø–æ–∫ –∏–ª–∏ –¥–ª—è –ø–æ–∫—É—à–∞—Ç—å.",–æ—á–µ–Ω—å –∞—Ç–º–æ—Å—Ñ–µ—Ä–Ω–æ–µ –º–µ—Å—Ç–æ —Ñ–æ—Ç–æ—á–µ–∫ –∫–∞–∫–∏—Ö –Ω–µ–æ–±—ã—á–Ω—ã—Ö –ø–æ–∫—É–ø–æ–∫ –ø–æ–∫—É—à–∞—Ç—å,0.27600950156529314
92,"–ö–ª–∞—Å—Å–Ω–æ–µ –º–µ—Å—Ç–æ –≤ –°–∞–º–∞—Ä–µ. –û—á–µ–Ω—å —Å—Ç–æ–∏—Ç –∑–∞–π—Ç–∏ –≥—É–ª—è—è –ø–æ —Å—Ç–∞—Ä–æ–π —á–∞—Å—Ç–∏ –≥–æ—Ä–æ–¥–∞, –∏–ª–∏ –ø–æ–¥–Ω–∏–º–∞—è—Å—å —Å –Ω–∞–±–µ—Ä–µ–∂–Ω–æ–π. 

–ó–¥–µ—Å—å –º–æ–∂–Ω–æ –Ω–∞–π—Ç–∏ –∫–∞—Ñ–µ –Ω–∞ –ª—é–±–æ–π –∑–∞–ø—Ä–æ—Å, –ø–æ–¥–Ω—è—Ç—å—Å—è –Ω–∞ —Å–º–æ—Ç—Ä–æ–≤—É—é –ø–ª–æ—â–∞–¥–∫—É, –Ω–∞–¥–µ–ª–∞—Ç—å –º–∏–ª—å—ë–Ω —Ñ–æ—Ç–æ–≥—Ä–∞—Ñ–∏–π",–∫–ª–∞—Å—Å–Ω–æ–µ –º–µ—Å—Ç–æ —Å–∞–º–∞—Ä–µ –æ—á–µ–Ω—å —Å—Ç–æ–∏—Ç –∑–∞–π—Ç–∏ –≥—É–ª—è—è —Å—Ç–∞—Ä–æ–π —á–∞—Å—Ç–∏ –≥–æ—Ä–æ–¥–∞ –ø–æ–¥–Ω–∏–º–∞—è—Å—å –Ω–∞–±–µ—Ä–µ–∂–Ω–æ–π –Ω–∞–π—Ç–∏ –∫–∞—Ñ–µ –ª—é–±–æ–π –∑–∞–ø—Ä–æ—Å –ø–æ–¥–Ω—è—Ç—å—Å—è —Å–º–æ—Ç—Ä–æ–≤—É—é –ø–ª–æ—â–∞–¥–∫—É –Ω–∞–¥–µ–ª–∞—Ç—å –º–∏–ª—å—ë–Ω —Ñ–æ—Ç–æ–≥—Ä–∞—Ñ–∏–π,0.24504543461687323
93,"–û—á–µ–Ω—å –∫—Ä—É—Ç–æ–µ –∏ –∞—Ç–º–æ—Å—Ñ–µ—Ä–Ω–æ–µ –º–µ—Å—Ç–æ , –∑–∞—Ä—è–¥–∏—Ç—Å—è –º–æ–∂–Ω–æ –ø–æ –ø–æ–ª–Ω–æ–π ‚ú® –∑–¥–µ—Å—å –≤—Å—ë –∞–±—Å–æ–ª—é—Ç–Ω–æ —Ä–∞–∑–Ω–æ–µ , –≤—Å—ë —Ä–∞–∑–Ω–æ—Å—Ç–æ—Ä–æ–Ω–Ω–µ–µ üëèüèºüî• –ø—Ä–∏–¥—Ç–∏ —Å—é–¥–∞ –Ω—É–∂–Ω–æ –æ–±—è–∑–∞—Ç–µ–ª—å–Ω–æ",–æ—á–µ–Ω—å –∫—Ä—É—Ç–æ–µ –∞—Ç–º–æ—Å—Ñ–µ—Ä–Ω–æ–µ –º–µ—Å—Ç–æ –∑–∞—Ä—è–¥–∏—Ç—Å—è –ø–æ–ª–Ω–æ–π –≤—Å—ë –∞–±—Å–æ–ª—é—Ç–Ω–æ —Ä–∞–∑–Ω–æ–µ –≤—Å—ë —Ä–∞–∑–Ω–æ—Å—Ç–æ—Ä–æ–Ω–Ω–µ–µ –ø—Ä–∏–¥—Ç–∏ —Å—é–¥–∞ –Ω—É–∂–Ω–æ –æ–±—è–∑–∞—Ç–µ–ª—å–Ω–æ,0.14543617437698508
94,"–ö—Ä–µ–∞—Ç–∏–≤–Ω–æ–µ –ø—Ä–æ—Å—Ç—Ä–∞–Ω—Å—Ç–≤–æ –≤ —Å—Ç–µ–Ω–∞—Ö –∫–æ—Ç–æ—Ä–æ–≥–æ –≤—ã –º–æ–∂–µ—Ç–µ: –æ–¥–µ—Ç—å—Å—è, –Ω–∞–∫–æ–ª–æ—Ç—å —Ç–∞—Ç—É–∏—Ä–æ–≤–∫—É, –ø–æ–µ—Å—Ç—å –∏ –≤—ã–ø–∏—Ç—å –∫–æ—Ñ–µ. –¢–∞–∫ –∂–µ –º–Ω–æ–≥–æ —à–æ—É—Ä—É–º–æ–≤ –∏ —Å—Ç—É–¥–∏–π —Å —Ç–∞–ª–∞–Ω—Ç–ª–∏–≤—ã–º–∏ –ª—é–¥—å–º–∏ –∫–æ—Ç–æ—Ä—ã–µ –∂–¥—É—Ç –≤–∞—Å –≤ –≥–æ—Å—Ç–∏.
",–∫—Ä–µ–∞—Ç–∏–≤–Ω–æ–µ –ø—Ä–æ—Å—Ç—Ä–∞–Ω—Å—Ç–≤–æ —Å—Ç–µ–Ω–∞—Ö –∫–æ—Ç–æ—Ä–æ–≥–æ –º–æ–∂–µ—Ç–µ –æ–¥–µ—Ç—å—Å—è –Ω–∞–∫–æ–ª–æ—Ç—å —Ç–∞—Ç—É–∏—Ä–æ–≤–∫—É –ø–æ–µ—Å—Ç—å –≤—ã–ø–∏—Ç—å –∫–æ—Ñ–µ —à–æ—É—Ä—É–º–æ–≤ —Å—Ç—É–¥–∏–π —Ç–∞–ª–∞–Ω—Ç–ª–∏–≤—ã–º–∏ –ª—é–¥—å–º–∏ –∫–æ—Ç–æ—Ä—ã–µ –∂–¥—É—Ç –≥–æ—Å—Ç–∏,0.28099281170172175
95,–û—á–µ–Ω—å —Ö–æ—Ä–æ—à–∏–π –ø—Ä–æ–µ–∫—Ç,–æ—á–µ–Ω—å —Ö–æ—Ä–æ—à–∏–π –ø—Ä–æ–µ–∫—Ç,0.2638064981689484
96,"–û—Ç–ª–∏—á–Ω–æ–µ –∏ –∏–Ω—Ç–µ—Ä–µ—Å–Ω–æ–µ –º–µ—Å—Ç–æ! –í—ã—Å—Ç–∞–≤–∫–∏, —è—Ä–º–∞—Ä–∫–∏, –∏–Ω—Ç–µ—Ä–µ—Å–Ω—ã–µ –º–µ—Ä–æ–ø—Ä–∏—è—Ç–∏—è  –∏ –º–∞—Å—Ç–µ—Ä–∫–ª–∞—Å—Å—ã –¥–ª—è –¥–µ—Ç–µ–π –∏ –≤–∑—Ä–æ—Å–ª—ã—Ö.  –û—á–µ–Ω—å —Ä–µ–∫–æ–º–µ–Ω–¥—É—é –ø–æ—Å–µ—Ç–∏—Ç—å!!!",–æ—Ç–ª–∏—á–Ω–æ–µ –∏–Ω—Ç–µ—Ä–µ—Å–Ω–æ–µ –º–µ—Å—Ç–æ –≤—ã—Å—Ç–∞–≤–∫–∏ —è—Ä–º–∞—Ä–∫–∏ –∏–Ω—Ç–µ—Ä–µ—Å–Ω—ã–µ –º–µ—Ä–æ–ø—Ä–∏—è—Ç–∏—è –º–∞—Å—Ç–µ—Ä–∫–ª–∞—Å—Å—ã –¥–µ—Ç–µ–π –≤–∑—Ä–æ—Å–ª—ã—Ö –æ—á–µ–Ω—å —Ä–µ–∫–æ–º–µ–Ω–¥—É—é –ø–æ—Å–µ—Ç–∏—Ç—å,0.09797236728506964
97,"–ü–µ—Ä—Å–ø–µ–∫—Ç–∏–≤–Ω–æ–µ –º–µ—Å—Ç–æ, –æ—Ç–ª–∏—á–Ω–∞—è –∑–∞–¥—É–º–∫–∞!",–ø–µ—Ä—Å–ø–µ–∫—Ç–∏–≤–Ω–æ–µ –º–µ—Å—Ç–æ –æ—Ç–ª–∏—á–Ω–∞—è –∑–∞–¥—É–º–∫–∞,0.23303111635762142
98,"–ö—É—Å–æ—á–µ–∫ –ü–∏—Ç–µ—Ä–∞ –≤ –°–∞–º–∞—Ä–µ. –ë–∏—Å—Ç—Ä–æ, –ª–∞–º–ø–æ—á–∫–∏, —Ä–æ–º–∞–Ω—Ç–∏–∫–∞, –ú–∞—Ä–∫–µ—Ç—ã, –∑–æ–Ω—ã –¥–ª—è –º–∞—Å—Ç–µ—Ä –∫–ª–∞—Å—Å–æ–≤. –ó–¥–æ—Ä–æ–≤–æ –∂–µ! –ö–ª–∞—Å—Å–Ω–æ–µ –º–µ—Å—Ç–æ –¥–ª—è —Ñ–æ—Ç–æ üòä",–∫—É—Å–æ—á–µ–∫ –ø–∏—Ç–µ—Ä–∞ —Å–∞–º–∞—Ä–µ –±–∏—Å—Ç—Ä–æ –ª–∞–º–ø–æ—á–∫–∏ —Ä–æ–º–∞–Ω—Ç–∏–∫–∞ –º–∞—Ä–∫–µ—Ç—ã –∑–æ–Ω—ã –º–∞—Å—Ç–µ—Ä –∫–ª–∞—Å—Å–æ–≤ –∑–¥–æ—Ä–æ–≤–æ –∫–ª–∞—Å—Å–Ω–æ–µ –º–µ—Å—Ç–æ —Ñ–æ—Ç–æ,0.07569580336665849
99,–û—á–µ–Ω—å –∫–ª–∞—Å—Å–Ω–æ–µ –∏ –∞—Ç–º–æ—Å—Ñ–µ—Ä–Ω–æ–µ –º–µ—Å—Ç–æ!!,–æ—á–µ–Ω—å –∫–ª–∞—Å—Å–Ω–æ–µ –∞—Ç–º–æ—Å—Ñ–µ—Ä–Ω–æ–µ –º–µ—Å—Ç–æ,0.12551076700956776
100,–ú–µ—Ä–æ–ø—Ä–∏—è—Ç–∏—è –¥–æ—Å—Ç–æ–π–Ω–æ–≥–æ —É—Ä–æ–≤–Ω—è.,–º–µ—Ä–æ–ø—Ä–∏—è—Ç–∏—è –¥–æ—Å—Ç–æ–π–Ω–æ–≥–æ —É—Ä–æ–≤–Ω—è,0.36987692336404476
101,"–û—á–µ–Ω—å –ø–æ–Ω—Ä–∞–≤–∏–ª–æ—Å—å, –ø–æ–π–¥—É —Ç—É–¥–∞ –µ—â—ë.",–æ—á–µ–Ω—å –ø–æ–Ω—Ä–∞–≤–∏–ª–æ—Å—å –ø–æ–π–¥—É —Ç—É–¥–∞ –µ—â—ë,0.428800042853388
102,"–ü—Ä–µ–∫—Ä–∞—Å–Ω—ã–π –ø—Ä–æ–µ–∫—Ç, –∂–µ–Ω–∞ —Ö–æ–¥–∏—Ç –Ω–∞ –∫–∞–∫–∏–µ-—Ç–æ –º–µ—Ä–æ–ø—Ä–∏—è—Ç–∏—è, –º–Ω–µ –µ—Å—Ç—å –≥–¥–µ –ø–æ—Ä–∞–±–æ—Ç–∞—Ç—å —Å –Ω–æ—É—Ç–æ–º –∑–∞ —á–∞—à–∫–æ–π –∫–æ—Ñ–µ. –í –≤—ã—Ö–æ–¥–Ω—ã–µ –±—ã–ª–∏, –ø–æ–ª–Ω–æ–µ —Ä–∞–∑–Ω–æ–æ–±—Ä–∞–∑–∏–µ –æ—Ç —à—É–º–Ω—ã—Ö –≤–µ—á–µ—Ä–∏–Ω–æ–∫ –¥–æ –ö—Ä–∞—Ñ—Ç–æ–≤—ã—Ö –ø–æ—Å–∏–¥–µ–ª–æ–∫ –ø–æ–¥ –ª–µ–≥–∫–∏–π –¥–∂–∞–∑",–ø—Ä–µ–∫—Ä–∞—Å–Ω—ã–π –ø—Ä–æ–µ–∫—Ç –∂–µ–Ω–∞ —Ö–æ–¥–∏—Ç –∫–∞–∫–∏–µ –º–µ—Ä–æ–ø—Ä–∏—è—Ç–∏—è –ø–æ—Ä–∞–±–æ—Ç–∞—Ç—å –Ω–æ—É—Ç–æ–º —á–∞—à–∫–æ–π –∫–æ—Ñ–µ –≤—ã—Ö–æ–¥–Ω—ã–µ –ø–æ–ª–Ω–æ–µ —Ä–∞–∑–Ω–æ–æ–±—Ä–∞–∑–∏–µ —à—É–º–Ω—ã—Ö –≤–µ—á–µ—Ä–∏–Ω–æ–∫ –∫—Ä–∞—Ñ—Ç–æ–≤—ã—Ö –ø–æ—Å–∏–¥–µ–ª–æ–∫ –ª–µ–≥–∫–∏–π –¥–∂–∞–∑,0.16364694596736706
103,–ó–∏–º–æ–π –Ω–µ –∏–Ω—Ç–µ—Ä–µ—Å–Ω–æ))) –ø–æ—Å–º–æ—Ç—Ä–∏–º —á—Ç–æ –±—É–¥–µ—Ç –ª–µ—Ç–æ–º,–∑–∏–º–æ–π –∏–Ω—Ç–µ—Ä–µ—Å–Ω–æ –ø–æ—Å–º–æ—Ç—Ä–∏–º –ª–µ—Ç–æ–º,0.05792652560450651
104,–®–∏–∫–∞—Ä–Ω—ã–µ ,—à–∏–∫–∞—Ä–Ω—ã–µ,0.4609930674954531
105,"–ù–µ –ø–æ–Ω—è—Ç–Ω–æ.  –ü–æ–¥–æ–∂–¥—ë–º –∫–æ–≥–¥–∞ –∫–ª–∞—Å—Ç–µ—Ä —Ä–∞–∑–æ–≤—å—ë—Ç—Å—è 
–ü–æ–∫–∞ –Ω–µ –ø–æ–Ω—è—Ç–Ω–æ. ",–ø–æ–Ω—è—Ç–Ω–æ –ø–æ–¥–æ–∂–¥—ë–º –∫–ª–∞—Å—Ç–µ—Ä —Ä–∞–∑–æ–≤—å—ë—Ç—Å—è –ø–æ–∫–∞ –ø–æ–Ω—è—Ç–Ω–æ,0.2533572727936333
106,–û–¥–Ω–∞ –∏–∑ –ª—É—á—à–∏—Ö –ª–æ–∫–∞—Ü–∏–π –Ω–∞—à–µ–≥–æ –≥–æ—Ä–æ–¥–∞ ü§©,–æ–¥–Ω–∞ –ª—É—á—à–∏—Ö –ª–æ–∫–∞—Ü–∏–π –Ω–∞—à–µ–≥–æ –≥–æ—Ä–æ–¥–∞,0.3551414069422931
107,"–ò–Ω—Ç–µ—Ä–µ—Å–Ω–æ–µ –º–µ—Å—Ç–æ –≤ –°–∞–º–∞—Ä–µ, –µ—â—ë –∫–æ–Ω–µ—á–Ω–æ –æ–±—É—Å—Ç—Ä–∞–µ–≤–∞–µ—Ç—Å—è. –ó–∞–µ–∑–∂–∞—é—Ç –Ω–æ–≤—ã–µ —Ä–µ–∑–∏–¥–µ–Ω—Ç—ã. –°–∞–º–æ–µ –≤–∞–∂–Ω–æ–µ, —á—Ç–æ —Å–µ–π—á–∞—Å –≤ —ç—Ç–æ–º –º–µ—Å—Ç–µ —Ä–∞—Å–ø–æ–ª–æ–∂–µ–Ω–∞ –≤—ã—Å—Ç–∞–≤–∫–∞ 8 –∫–æ–º–Ω–∞—Ç –ù–∞–¥–∏ –ö–æ–≤–±–∞ –≤—Å–µ–º —Ä–µ–∫–æ–º–µ–Ω–¥—É—é —Å—Ö–æ–¥–∏—Ç—å. 8 –∫–æ–º–Ω–∞—Ç –Ω–µ –æ—Å—Ç–∞–≤—è—Ç —Ä–∞–≤–Ω–æ–¥—É—à–Ω—ã–º –Ω–∏ –∫–æ–≥–æ, —ç—Ç–æ —à–µ–¥–µ–≤—Ä!!!!!!",–∏–Ω—Ç–µ—Ä–µ—Å–Ω–æ–µ –º–µ—Å—Ç–æ —Å–∞–º–∞—Ä–µ –µ—â—ë –æ–±—É—Å—Ç—Ä–∞–µ–≤–∞–µ—Ç—Å—è –∑–∞–µ–∑–∂–∞—é—Ç –Ω–æ–≤—ã–µ —Ä–µ–∑–∏–¥–µ–Ω—Ç—ã —Å–∞–º–æ–µ –≤–∞–∂–Ω–æ–µ –º–µ—Å—Ç–µ —Ä–∞—Å–ø–æ–ª–æ–∂–µ–Ω–∞ –≤—ã—Å—Ç–∞–≤–∫–∞ –∫–æ–º–Ω–∞—Ç –Ω–∞–¥–∏ –∫–æ–≤–±–∞ –≤—Å–µ–º —Ä–µ–∫–æ–º–µ–Ω–¥—É—é —Å—Ö–æ–¥–∏—Ç—å –∫–æ–º–Ω–∞—Ç –æ—Å—Ç–∞–≤—è—Ç —Ä–∞–≤–Ω–æ–¥—É—à–Ω—ã–º –∫–æ–≥–æ —ç—Ç–æ —à–µ–¥–µ–≤—Ä,0.15189620206258636
108,"–û—á–µ–Ω—å –∫–ª–∞—Å—Å–Ω—ã–π –∫—É–ª—å—Ç—É—Ä–Ω—ã–π –∫–ª–∞—Å—Ç–µ—Ä –≤ —Ü–µ–Ω—Ç—Ä–µ –≥–æ—Ä–æ–¥–∞. –ü–ª–æ—â–∞–¥–∫–∞ —Å–æ–±—Ä–∞–ª–∞ –≤ –æ–¥–Ω–æ–º –º–µ—Å—Ç–µ –±–æ–ª—å—à–æ–µ –∫–æ–ª–∏—á–µ—Å—Ç–≤–æ —Ç–≤–æ—Ä—á–µ—Å–∫–∏—Ö –Ω–∞–ø—Ä–∞–≤–ª–µ–Ω–∏–π, —Å—é–¥–∞ —Ö–æ—á–µ—Ç—Å—è –ø—Ä–∏—Ö–æ–¥–∏—Ç—å –∏ –æ—Å—Ç–∞–≤–ª—è—Ç—å –¥–µ–Ω—å–≥–∏ üòÑ 

–†–µ–º–æ–Ω—Ç —Å—Ç–∏–ª—å–Ω—ã–π –∏ —Å–æ–≤—Ä–µ–º–µ–Ω–Ω—ã–π. –û—á–µ–Ω—å –Ω–∞–¥–µ—é—Å—å, —á—Ç–æ –ª—é–¥–∏ –±—É–¥—É—Ç –±–µ—Ä–µ–∂–Ω–æ –æ—Ç–Ω–æ—Å–∏—Ç—å—Å—è –∫ —Å—Ç–µ–Ω–∞–º –°—Ç–∞–Ω–∫–æ–∑–∞–≤–æ–¥–∞, —á—Ç–æ–±—ã –æ–Ω –∫–∞–∫ –º–æ–∂–Ω–æ –¥–æ–ª—å—à–µ —Å–æ—Ö—Ä–∞–Ω—è–ª –æ–±–ª–∏–∫ –Ω–æ–≤–æ–≥–æ –ø–æ–º–µ—â–µ–Ω–∏—è  üôèüèº‚ú®",–æ—á–µ–Ω—å –∫–ª–∞—Å—Å–Ω—ã–π –∫—É–ª—å—Ç—É—Ä–Ω—ã–π –∫–ª–∞—Å—Ç–µ—Ä —Ü–µ–Ω—Ç—Ä–µ –≥–æ—Ä–æ–¥–∞ –ø–ª–æ—â–∞–¥–∫–∞ —Å–æ–±—Ä–∞–ª–∞ –æ–¥–Ω–æ–º –º–µ—Å—Ç–µ –±–æ–ª—å—à–æ–µ –∫–æ–ª–∏—á–µ—Å—Ç–≤–æ —Ç–≤–æ—Ä—á–µ—Å–∫–∏—Ö –Ω–∞–ø—Ä–∞–≤–ª–µ–Ω–∏–π —Å—é–¥–∞ —Ö–æ—á–µ—Ç—Å—è –ø—Ä–∏—Ö–æ–¥–∏—Ç—å –æ—Å—Ç–∞–≤–ª—è—Ç—å –¥–µ–Ω—å–≥–∏ —Ä–µ–º–æ–Ω—Ç —Å—Ç–∏–ª—å–Ω—ã–π —Å–æ–≤—Ä–µ–º–µ–Ω–Ω—ã–π –æ—á–µ–Ω—å –Ω–∞–¥–µ—é—Å—å –ª—é–¥–∏ –±—É–¥—É—Ç –±–µ—Ä–µ–∂–Ω–æ –æ—Ç–Ω–æ—Å–∏—Ç—å—Å—è —Å—Ç–µ–Ω–∞–º —Å—Ç–∞–Ω–∫–æ–∑–∞–≤–æ–¥–∞ –¥–æ–ª—å—à–µ —Å–æ—Ö—Ä–∞–Ω—è–ª –æ–±–ª–∏–∫ –Ω–æ–≤–æ–≥–æ –ø–æ–º–µ—â–µ–Ω–∏—è,0.2013529731486392
109,"–í–µ—Å–µ–ª–æ, –≤–∫—É—Å–Ω–æ –∏ –û—Ç–ª–∏—á–Ω—ã–µ –∫–æ–∫—Ç–µ–π–ª–∏, –∞—Ç–º–æ—Å—Ñ–µ—Ä–Ω–æ–µ –º–µ—Å—Ç–æ",–≤–µ—Å–µ–ª–æ –≤–∫—É—Å–Ω–æ –æ—Ç–ª–∏—á–Ω—ã–µ –∫–æ–∫—Ç–µ–π–ª–∏ –∞—Ç–º–æ—Å—Ñ–µ—Ä–Ω–æ–µ –º–µ—Å—Ç–æ,0.042894452007599226
110,"–°—Ç–∏–ª—å–Ω–æ! –ó–∞–≤–µ–¥–µ–Ω–∏—è —Ç–æ–∂–µ –Ω–µ –ø–ª–æ—Ö–∏–µ.–ù–µ –≤–æ—Ç –ø—Ä—è–º –≤–æ—Å—Ç–æ—Ä–≥,–Ω–æ –¥–æ—Å—Ç–æ–π–Ω–æ!",—Å—Ç–∏–ª—å–Ω–æ –∑–∞–≤–µ–¥–µ–Ω–∏—è –ø–ª–æ—Ö–∏–µ –ø—Ä—è–º –≤–æ—Å—Ç–æ—Ä–≥ –¥–æ—Å—Ç–æ–π–Ω–æ,0.2897925110970261
111,"–î–∞–≤–Ω–æ –Ω—É–∂–Ω–æ –±—ã–ª–æ –æ—Å–≤–µ–∂–∏—Ç—å —Å–∞–º–∞—Ä—Å–∫–∏–µ –¥–≤–æ—Ä–∏–∫–∏, –ø–æ–¥–æ–±–Ω—ã–º –ø—Ä–æ–µ–∫—Ç–æ–ºü´∂
–ú–∞–≥–∞–∑–∏–Ω—ã, —à–æ—É—Ä—É–º—ã, –ø–æ–∫–∞ —Ç–æ–ª—å–∫–æ 2 –∫—Ä—É—Ç—ã—Ö –∑–∞–≤–µ–¥–µ–Ω–∏—è –ø–∏—Ç–µ–π–Ω—ã—Ö –∏ —Ä–∞–∑–≤–ª–µ–∫–∞—Ç–µ–ª—å–Ω—ã—Ö. –¢–æ—á–Ω–æ –Ω—É–∂–Ω–æ –±–æ–ª—å—à–µüòÅ

–ò –Ω–∞ –ª–µ—Å—Ç–Ω–∏—Ü—É –Ω—É–∂–Ω–æ –ø–æ–¥–Ω—è—Ç—å—Å—è! üëΩ",–¥–∞–≤–Ω–æ –Ω—É–∂–Ω–æ –æ—Å–≤–µ–∂–∏—Ç—å —Å–∞–º–∞—Ä—Å–∫–∏–µ –¥–≤–æ—Ä–∏–∫–∏ –ø–æ–¥–æ–±–Ω—ã–º –ø—Ä–æ–µ–∫—Ç–æ–º –º–∞–≥–∞–∑–∏–Ω—ã —à–æ—É—Ä—É–º—ã –ø–æ–∫–∞ –∫—Ä—É—Ç—ã—Ö –∑–∞–≤–µ–¥–µ–Ω–∏—è –ø–∏—Ç–µ–π–Ω—ã—Ö —Ä–∞–∑–≤–ª–µ–∫–∞—Ç–µ–ª—å–Ω—ã—Ö —Ç–æ—á–Ω–æ –Ω—É–∂–Ω–æ –ª–µ—Å—Ç–Ω–∏—Ü—É –Ω—É–∂–Ω–æ –ø–æ–¥–Ω—è—Ç—å—Å—è,0.5078061325043477
112, –ø–µ—Ä—Å–ø–µ–∫—Ç–∏–≤–Ω–∞—è –ª–æ–∫–∞—Ü–∏—è ,–ø–µ—Ä—Å–ø–µ–∫—Ç–∏–≤–Ω–∞—è –ª–æ–∫–∞—Ü–∏—è,0.4609930674954531
113,–ü–æ–±–æ–ª—å—à–µ –±—ã —Ç–∞–∫–∏—Ö –º–µ—Å—Ç,–ø–æ–±–æ–ª—å—à–µ —Ç–∞–∫–∏—Ö –º–µ—Å—Ç,0.2964120196573026
114,–û—Ç–ª–∏—á–Ω–æ–µ –º–µ—Å—Ç–æ. –®–µ–¥–µ–≤—Ä –≤ —Ä–∞–º–∫–∞—Ö –°–∞–º–∞—Ä—Å–∫–æ–≥–æ –æ–±—â–µ—Å—Ç–≤–∞,–æ—Ç–ª–∏—á–Ω–æ–µ –º–µ—Å—Ç–æ —à–µ–¥–µ–≤—Ä —Ä–∞–º–∫–∞—Ö —Å–∞–º–∞—Ä—Å–∫–æ–≥–æ –æ–±—â–µ—Å—Ç–≤–∞,0.1375896862673478
115,"–ö–ª–∞—Å—Å–Ω–æ, —á—Ç–æ –≤ –°–∞–º–∞—Ä–µ –ø–æ—è–≤–ª—è—é—Ç—Å—è —Ç–∞–∫–∏–µ –∫—Ä—É—Ç—ã–µ –º–µ—Å—Ç–∞.",–∫–ª–∞—Å—Å–Ω–æ —Å–∞–º–∞—Ä–µ –ø–æ—è–≤–ª—è—é—Ç—Å—è —Ç–∞–∫–∏–µ –∫—Ä—É—Ç—ã–µ –º–µ—Å—Ç–∞,0.26828202742441687
116,"–î–ª—è –°–∞–º–∞—Ä—ã —ç—Ç–æ —á—Ç–æ-—Ç–æ –Ω–æ–≤–µ–Ω—å–∫–æ–µ! –û—á–µ–Ω—å —Å—Ç–∏–ª—å–Ω–æ , –∫—Ä–∞—Å–∏–≤–æ –∏ –∏–Ω—Ç–µ—Ä–µ—Å–Ω–æ ",—Å–∞–º–∞—Ä—ã —ç—Ç–æ –Ω–æ–≤–µ–Ω—å–∫–æ–µ –æ—á–µ–Ω—å —Å—Ç–∏–ª—å–Ω–æ –∫—Ä–∞—Å–∏–≤–æ –∏–Ω—Ç–µ—Ä–µ—Å–Ω–æ,0.11383848510524242
117,–ë—ã–ª —Ç–∞–º –≤–æ –≤—Å–µ—Ö –∑–∞–≤–µ–¥–µ–Ω–∏—è—Ö —Ä–∞–∑–≤–ª–µ–∫–∞—Ç–µ–ª—å–Ω–æ–≥–æ —Ö–∞—Ä–∞–∫—Ç–µ—Ä–∞. –ò–¥–µ—è –¥–ª—è –°–∞–º–∞—Ä—ã –∂–∏–≤–∞—è –∏ —è–≤–Ω–æ —Å—Ç–æ–∏—Ç –≤–Ω–∏–º–∞–Ω–∏—è,–∑–∞–≤–µ–¥–µ–Ω–∏—è—Ö —Ä–∞–∑–≤–ª–µ–∫–∞—Ç–µ–ª—å–Ω–æ–≥–æ —Ö–∞—Ä–∞–∫—Ç–µ—Ä–∞ –∏–¥–µ—è —Å–∞–º–∞—Ä—ã –∂–∏–≤–∞—è —è–≤–Ω–æ —Å—Ç–æ–∏—Ç –≤–Ω–∏–º–∞–Ω–∏—è,0.2581483520640582
118,–û–≥–æ–Ω—å –æ–≥–æ–Ω—å,–æ–≥–æ–Ω—å –æ–≥–æ–Ω—å,0.25258407273820205
119,"–ë–ª–∞–≥–æ–¥–∞—Ä–µ–Ω –ª—é–¥—è–º, –∫–æ—Ç–æ—Ä—ã–µ —Å–¥–µ–ª–∞–ª–∏ —ç—Ç–æ –º–µ—Å—Ç–æ! –≠—Ç–æ —É–∂–µ –≤—ã—Å–æ–∫–∏–π —É—Ä–æ–≤–µ–Ω—å –ø—Ä–æ—Å—Ç—Ä–∞–Ω—Å—Ç–≤–∞, –Ω–æ–≤—ã–π –∫–æ–Ω–∫—É—Ä–µ–Ω—Ç –¥–æ–º 77 
–ñ–¥—ë–º —Å–ª–µ–¥—É—é—â–µ–≥–æ –ª–µ—Ç–∞, –¥—É–º–∞—é —Ç—É—Å–æ–≤–∫–∞ –±—É–¥–µ—Ç —Ç–∞–º",–±–ª–∞–≥–æ–¥–∞—Ä–µ–Ω –ª—é–¥—è–º –∫–æ—Ç–æ—Ä—ã–µ —Å–¥–µ–ª–∞–ª–∏ —ç—Ç–æ –º–µ—Å—Ç–æ —ç—Ç–æ –≤—ã—Å–æ–∫–∏–π —É—Ä–æ–≤–µ–Ω—å –ø—Ä–æ—Å—Ç—Ä–∞–Ω—Å—Ç–≤–∞ –Ω–æ–≤—ã–π –∫–æ–Ω–∫—É—Ä–µ–Ω—Ç –¥–æ–º –∂–¥—ë–º —Å–ª–µ–¥—É—é—â–µ–≥–æ –ª–µ—Ç–∞ –¥—É–º–∞—é —Ç—É—Å–æ–≤–∫–∞,0.09634809214109719
120,"–ù–∏—á–µ–≥–æ –Ω–µ–ø–æ–Ω—è—Ç–Ω–æ, –Ω–æ –æ—á–µ–Ω—å –∏–Ω—Ç–µ—Ä–µ—Å–Ω–æ!",–Ω–µ–ø–æ–Ω—è—Ç–Ω–æ –æ—á–µ–Ω—å –∏–Ω—Ç–µ—Ä–µ—Å–Ω–æ,0.41891237713336094
121,–ë—ã–ª –≤–ø–µ—Ä–≤—ã–µ. –î—É–º–∞—é –ø—Ä–∏–¥—É –µ—â—ë –≤ —ç—Ç–æ –º–µ—Å—Ç–æ. –•–æ—Ä–æ—à–∞—è –∞—Ç–º–æ—Å—Ñ–µ—Ä–∞. –ù–µ–æ–±—ã—á–Ω–æ –∏ –¥—É—à–µ–≤–Ω–æ.,–≤–ø–µ—Ä–≤—ã–µ –¥—É–º–∞—é –ø—Ä–∏–¥—É –µ—â—ë —ç—Ç–æ –º–µ—Å—Ç–æ —Ö–æ—Ä–æ—à–∞—è –∞—Ç–º–æ—Å—Ñ–µ—Ä–∞ –Ω–µ–æ–±—ã—á–Ω–æ –¥—É—à–µ–≤–Ω–æ,0.07515760658997983
122,"–°—Ç–∏–ª—å–Ω–æ, –º–æ–¥–Ω–æ, –º–æ–ª–æ–¥–µ–∂–Ω–æ!",—Å—Ç–∏–ª—å–Ω–æ –º–æ–¥–Ω–æ –º–æ–ª–æ–¥–µ–∂–Ω–æ,0.14246312667334216
123,"–ó–∞–¥—É–º–∫–∞ –æ—Ç–ª–∏—á–Ω–∞—è, —è—Ä–∫–æ–µ –∏ –Ω–µ –æ–±—ã—á–Ω–æ–µ –º–µ—Å—Ç–æ –¥–ª—è –°–∞–º–∞—Ä—ã. –ö–æ–µ –≥–¥–µ –µ—â—ë –ø—Ä–æ–¥–æ–ª–∂–∞–µ—Ç—Å—è —Ä–µ–º–æ–Ω—Ç. –ö–∞—Ñ–µ –∏ –±–∞—Ä—ã —Ä–∞–±–æ—Ç–∞—é—Ç, –Ω–∞ —É–ª–∏—Ü–µ –∞–∫—Ç–∏–≤–Ω–æ –ø—Ä–æ—Ö–æ–¥—è—Ç —Ñ–æ—Ç–æ—Å–µ—Å—Å–∏–∏)",–∑–∞–¥—É–º–∫–∞ –æ—Ç–ª–∏—á–Ω–∞—è —è—Ä–∫–æ–µ –æ–±—ã—á–Ω–æ–µ –º–µ—Å—Ç–æ —Å–∞–º–∞—Ä—ã –∫–æ–µ –µ—â—ë –ø—Ä–æ–¥–æ–ª–∂–∞–µ—Ç—Å—è —Ä–µ–º–æ–Ω—Ç –∫–∞—Ñ–µ –±–∞—Ä—ã —Ä–∞–±–æ—Ç–∞—é—Ç —É–ª–∏—Ü–µ –∞–∫—Ç–∏–≤–Ω–æ –ø—Ä–æ—Ö–æ–¥—è—Ç —Ñ–æ—Ç–æ—Å–µ—Å—Å–∏–∏,0.3378001152762288
124,"–ù–µ–æ–±—ã—á–Ω–æ–µ, –∏–Ω—Ç–µ—Ä–µ—Å–Ω–æ–µ –º–µ—Å—Ç–æ. –ö–ª–∞—Å—Å–Ω—ã–π –∏–Ω—Ç–µ—Ä—å–µ—Ä, –Ω–∞–ø–æ–ª–Ω–µ–Ω–∏–µ. –ñ–¥—É, –∫–æ–≥–¥–∞ –æ—Ç–∫—Ä–æ—é—Ç—Å—è –æ—Å—Ç–∞–ª—å–Ω—ã–µ –ø–æ–º–µ—â–µ–Ω–∏—è))",–Ω–µ–æ–±—ã—á–Ω–æ–µ –∏–Ω—Ç–µ—Ä–µ—Å–Ω–æ–µ –º–µ—Å—Ç–æ –∫–ª–∞—Å—Å–Ω—ã–π –∏–Ω—Ç–µ—Ä—å–µ—Ä –Ω–∞–ø–æ–ª–Ω–µ–Ω–∏–µ –∂–¥—É –æ—Ç–∫—Ä–æ—é—Ç—Å—è –æ—Å—Ç–∞–ª—å–Ω—ã–µ –ø–æ–º–µ—â–µ–Ω–∏—è,0.09001635858699086
125,"–ù–µ–ø–ª–æ—Ö–æ, –≤–µ—Å–µ–ª–æ, —Ö–æ—Ç–µ–ª–æ—Å—å –±—ã —Ä–∞–∑–Ω–æ–æ–±—Ä–∞–∑–∏—è –≤ –º—É–∑—ã–∫–∞–ª—å–Ω–æ–º —Ä–µ–ø–µ—Ä—Ç—É–∞—Ä–µ. –û–±—Å–ª—É–∂–∏–≤–∞–Ω–∏–µ –Ω–∞ –¥–æ—Å—Ç–æ–π–Ω–æ–º —É—Ä–æ–≤–Ω–µ",–Ω–µ–ø–ª–æ—Ö–æ –≤–µ—Å–µ–ª–æ —Ö–æ—Ç–µ–ª–æ—Å—å —Ä–∞–∑–Ω–æ–æ–±—Ä–∞–∑–∏—è –º—É–∑—ã–∫–∞–ª—å–Ω–æ–º —Ä–µ–ø–µ—Ä—Ç—É–∞—Ä–µ –æ–±—Å–ª—É–∂–∏–≤–∞–Ω–∏–µ –¥–æ—Å—Ç–æ–π–Ω–æ–º —É—Ä–æ–≤–Ω–µ,0.11693984122201184
126,–û—Ç–ª–∏—á–Ω–æ–µ –∞—Ç–º–æ—Å—Ñ–µ—Ä–Ω–æ–µ –º–µ—Å—Ç–æ,–æ—Ç–ª–∏—á–Ω–æ–µ –∞—Ç–º–æ—Å—Ñ–µ—Ä–Ω–æ–µ –º–µ—Å—Ç–æ,0.14508798391860744
127,–õ—É—á—à–∏–π –∏ –µ–¥–∏–Ω—Å—Ç–≤–µ–Ω–Ω—ã–π –≤ –≥–æ—Ä–æ–¥–µ! ,–ª—É—á—à–∏–π –µ–¥–∏–Ω—Å—Ç–≤–µ–Ω–Ω—ã–π –≥–æ—Ä–æ–¥–µ,0.22663951802403248
128,"–°—Ç–∏–ª—å–Ω–æ–µ, –º–æ–¥–Ω–æ–µ –∏ –∏–Ω—Ç–µ—Ä–µ—Å–Ω–æ–µ –º–µ—Å—Ç–æ. –ú–Ω–æ–∂–µ—Å—Ç–≤–æ —Ñ–æ—Ç–æ –ª–æ–∫–∞—Ü–∏–π –¥–ª—è —ç—Ñ—Ñ–µ–∫—Ç–Ω—ã—Ö —Ñ–æ—Ç–æ. –°—Ç–æ–∏—Ç –ø–æ–±—ã–≤–∞—Ç—å.",—Å—Ç–∏–ª—å–Ω–æ–µ –º–æ–¥–Ω–æ–µ –∏–Ω—Ç–µ—Ä–µ—Å–Ω–æ–µ –º–µ—Å—Ç–æ –º–Ω–æ–∂–µ—Å—Ç–≤–æ —Ñ–æ—Ç–æ –ª–æ–∫–∞—Ü–∏–π —ç—Ñ—Ñ–µ–∫—Ç–Ω—ã—Ö —Ñ–æ—Ç–æ —Å—Ç–æ–∏—Ç –ø–æ–±—ã–≤–∞—Ç—å,0.10154345575432444
129,"–ü—Ä–∏–∫–æ–ª—å–Ω–æ–µ –Ω–æ–≤–æ–µ –ø—Ä–æ—Å—Ç—Ä–∞–Ω—Å—Ç–≤–æ, –ö—É–π–±—ã—à–µ–≤ –ª—É—á—à–∏–µ) ",–ø—Ä–∏–∫–æ–ª—å–Ω–æ–µ –Ω–æ–≤–æ–µ –ø—Ä–æ—Å—Ç—Ä–∞–Ω—Å—Ç–≤–æ –∫—É–π–±—ã—à–µ–≤ –ª—É—á—à–∏–µ,0.072242349069228
130,"–¢–∞–∫–æ–≥–æ –≤ –°–∞–º–∞—Ä–µ –µ—â–µ –Ω–µ –±—ã–ª–æ) –ê—Ç–º–æ—Å—Ñ–µ—Ä–Ω–æ–µ –ø—Ä–æ—Å—Ç—Ä–∞–Ω—Å—Ç–≤–æ, –≤ –∫–æ—Ç–æ—Ä–æ–º –ø—Ä–∏—è—Ç–Ω–æ –Ω–∞—Ö–æ–¥–∏—Ç—å—Å—è –∏ –Ω–µ —Ö–æ—á–µ—Ç—Å—è —É—Ö–æ–¥–∏—Ç—å)",—Ç–∞–∫–æ–≥–æ —Å–∞–º–∞—Ä–µ –∞—Ç–º–æ—Å—Ñ–µ—Ä–Ω–æ–µ –ø—Ä–æ—Å—Ç—Ä–∞–Ω—Å—Ç–≤–æ –∫–æ—Ç–æ—Ä–æ–º –ø—Ä–∏—è—Ç–Ω–æ –Ω–∞—Ö–æ–¥–∏—Ç—å—Å—è —Ö–æ—á–µ—Ç—Å—è —É—Ö–æ–¥–∏—Ç—å,0.5546209445459922
131,–ù–µ–¥–∞–≤–Ω–æ –æ—Ç–∫—Ä—ã–ª—Å—è –±–∞—Ä –ö—É–π–±—ã—à–µ–≤. –û–±—è–∑–∞—Ç–µ–ª–µ–Ω –∫ –ø–æ—Å–µ—â–µ–Ω–∏—é. –•–æ—Ä–æ—à–∞—è –∫—É—Ö–Ω—è –∏ –º—É–∑—ã–∫–∞.,–Ω–µ–¥–∞–≤–Ω–æ –æ—Ç–∫—Ä—ã–ª—Å—è –±–∞—Ä –∫—É–π–±—ã—à–µ–≤ –æ–±—è–∑–∞—Ç–µ–ª–µ–Ω –ø–æ—Å–µ—â–µ–Ω–∏—é —Ö–æ—Ä–æ—à–∞—è –∫—É—Ö–Ω—è –º—É–∑—ã–∫–∞,0.1724481934731581
132,"–û—á–µ–Ω—å —É—é—Ç–Ω–æ–µ –∏ –∫—Ä–∞—Å–∏–≤–æ —Ç–∞–º,—Å—Ç–∏–ª—å–Ω–æ –∏ –º–æ–¥–Ω–æ.",–æ—á–µ–Ω—å —É—é—Ç–Ω–æ–µ –∫—Ä–∞—Å–∏–≤–æ —Å—Ç–∏–ª—å–Ω–æ –º–æ–¥–Ω–æ,0.08175494295070873
133,"–ó–∞–≤–µ–¥–µ–Ω–∏—è,  —Ç—É—Å–æ–≤–∫–∞,  –±–∞—Ä—ã, –¥–≤–∏–∂—É—Ö–∞ - –≤–æ—Ç —Ç–∞–∫ –±—ã –æ–ø–∏—Å–∞–ª–∞ —Å—Ç–∞–Ω–∫–æ–∑–∞–≤–æ–¥",–∑–∞–≤–µ–¥–µ–Ω–∏—è —Ç—É—Å–æ–≤–∫–∞ –±–∞—Ä—ã –¥–≤–∏–∂—É—Ö–∞ –æ–ø–∏—Å–∞–ª–∞ —Å—Ç–∞–Ω–∫–æ–∑–∞–≤–æ–¥,0.5009376486865388
134,–ö—Ä—É—Ç–æ ,–∫—Ä—É—Ç–æ,0.10181449173686641
